platform,age,daily_minutes,mood_before_1to10,mood_after_1to10,self_reported_skill_gain,loneliness_1to10
YouTube,19,59,4,6,1,5
YouTube,19,213,6,7,4,5
Discord,20,159,5,2,1,6
Snapchat,19,253,8,9,2,8
Reddit,14,70,6,8,3,3
Reddit,13,320,7,8,5,2
Twitter/X,20,276,7,10,3,2
TikTok,20,293,5,8,0,6
BeReal,16,23,7,8,4,2
Snapchat,20,321,7,6,3,5
Instagram,14,315,8,10,4,6
Reddit,18,93,4,8,2,7
Reddit,18,299,8,9,1,8
Discord,17,130,8,5,5,8
Discord,14,170,6,10,4,7
Twitter/X,20,115,8,6,2,8
BeReal,22,319,7,6,4,3
Twitter/X,19,57,5,2,1,5
Snapchat,20,221,5,3,3,6
BeReal,16,310,7,10,4,9
Reddit,18,313,7,8,3,3
TikTok,20,197,5,6,0,8
TikTok,22,342,8,10,5,7
TikTok,14,263,6,9,1,6
Discord,13,226,4,3,0,2
TikTok,19,108,7,10,4,8
BeReal,15,247,8,8,1,4
Snapchat,19,121,7,7,0,8
Snapchat,17,114,7,5,1,2
Instagram,19,257,8,10,1,8
BeReal,14,204,7,5,5,6
BeReal,13,52,5,5,5,6
Twitter/X,17,55,7,8,3,2
BeReal,14,194,4,1,3,8
Twitter/X,15,295,6,6,0,2
Discord,18,206,7,10,4,7
Snapchat,15,92,5,2,0,8
Twitter/X,22,259,7,8,5,3
Discord,17,84,4,2,4,2
YouTube,17,88,4,7,5,9
Snapchat,14,270,4,5,5,8
Reddit,21,256,4,2,3,8
Snapchat,14,56,7,10,0,4
YouTube,13,150,7,9,4,5
Reddit,18,324,8,5,5,3
Reddit,19,198,8,6,1,8
Reddit,15,100,5,2,4,8
TikTok,13,86,4,4,0,7
Instagram,22,210,5,6,3,5
Discord,21,295,4,5,3,2
Snapchat,17,242,6,3,5,9
Discord,16,174,6,7,0,9
Twitter/X,19,234,7,5,4,8
Snapchat,14,128,5,5,4,4
Twitter/X,13,73,8,10,3,3
Instagram,16,83,4,7,2,2
BeReal,15,208,7,4,5,7
TikTok,14,332,5,5,5,2
Instagram,17,189,8,6,3,9
Snapchat,22,57,8,8,0,6
Snapchat,13,59,8,10,4,2
Twitter/X,15,259,5,3,0,9
Reddit,18,225,7,6,1,6
TikTok,15,276,7,9,5,2
YouTube,21,174,4,1,0,7
Snapchat,15,107,6,5,5,6
Discord,17,29,7,10,0,7
Snapchat,15,83,4,8,3,6
Reddit,14,297,5,4,2,7
TikTok,17,127,5,3,0,9
Snapchat,17,194,7,4,2,3
Snapchat,13,284,4,7,0,9
Instagram,21,268,4,4,2,5
Discord,20,115,5,6,1,2
Twitter/X,20,45,5,8,2,7
Snapchat,18,259,4,8,5,4
BeReal,22,95,8,5,5,6
Reddit,22,330,8,6,0,9
Snapchat,14,347,5,9,0,4
Reddit,14,211,7,5,3,9
Snapchat,20,42,5,4,5,6
TikTok,13,99,7,6,0,2
YouTube,13,296,5,4,0,3
Discord,16,341,4,4,4,6
TikTok,18,141,4,2,5,4
YouTube,13,261,5,3,1,9
Snapchat,22,291,8,10,1,9
BeReal,14,122,4,5,1,5
BeReal,19,273,4,1,0,9
BeReal,22,233,6,5,5,9
BeReal,13,325,7,9,1,7
YouTube,22,331,4,4,4,7
Discord,14,130,4,8,5,6
Discord,21,359,6,4,4,7
Discord,17,102,5,5,2,6
Instagram,15,205,8,10,2,3
Instagram,21,283,8,7,5,3
BeReal,14,15,8,10,2,7
YouTube,14,188,8,10,2,8
Instagram,21,244,5,7,2,9
BeReal,20,184,5,3,5,9
Reddit,21,130,6,6,1,6
BeReal,21,55,4,1,5,3
Reddit,15,73,8,10,2,6
Reddit,22,118,4,7,4,3
Twitter/X,14,213,6,4,5,2
BeReal,13,338,6,7,2,3
Reddit,17,309,5,5,5,2
Reddit,19,48,8,5,0,9
Discord,21,165,5,7,1,6
Reddit,20,76,8,8,0,8
Discord,20,116,8,5,4,9
Twitter/X,16,189,8,8,1,6
YouTube,18,356,8,10,0,5
YouTube,16,50,7,9,2,5
Snapchat,16,108,6,9,4,5
Twitter/X,18,78,7,10,4,5
BeReal,20,261,5,2,2,5
BeReal,14,272,8,9,1,9
TikTok,19,334,7,9,3,6
Twitter/X,18,126,8,7,4,6
Instagram,16,151,7,10,4,8
Discord,18,151,6,3,3,8
Discord,15,189,5,4,4,5
Reddit,22,133,4,1,0,3
BeReal,15,73,5,5,5,2
Snapchat,13,29,6,9,5,7
BeReal,15,355,5,8,5,3
Reddit,13,54,8,10,0,3
YouTube,19,153,4,7,4,7
Instagram,18,53,8,9,0,6
BeReal,20,138,6,3,1,3
Discord,22,250,6,4,3,5
Snapchat,15,284,6,8,3,5
YouTube,19,223,4,3,1,7
Snapchat,14,269,8,7,0,3
Snapchat,21,308,4,4,0,7
TikTok,13,94,7,5,4,2
Twitter/X,21,59,6,10,5,8
Instagram,18,208,5,5,1,2
Discord,20,310,7,10,4,7
Discord,16,148,7,8,2,4
Twitter/X,17,221,5,9,1,5
YouTube,13,36,5,2,2,9
TikTok,19,356,7,6,1,6
Snapchat,18,141,4,2,1,3
Discord,13,16,4,2,1,7
Snapchat,13,264,8,6,4,9
Discord,14,170,7,9,3,8
YouTube,20,37,7,4,5,6
YouTube,20,114,7,9,0,6
YouTube,18,137,6,8,5,6
Reddit,15,79,5,6,3,8
Reddit,13,43,8,10,2,2
TikTok,15,209,4,4,2,3
Twitter/X,14,167,4,6,4,6
Instagram,13,174,8,10,2,8
Instagram,21,143,7,9,2,6
Twitter/X,19,304,7,10,2,7
Reddit,14,97,5,6,0,2
TikTok,18,83,5,2,2,2
TikTok,18,28,7,10,1,6
Snapchat,13,65,5,3,3,4
Snapchat,13,318,6,6,2,4
Snapchat,13,280,5,6,0,7
BeReal,20,277,7,7,2,3
YouTube,20,91,5,2,5,9
YouTube,18,267,4,4,3,3
BeReal,20,145,8,10,4,7
YouTube,18,98,6,8,1,7
Twitter/X,22,307,6,4,2,6
TikTok,17,142,7,4,2,5
BeReal,15,161,5,2,4,6
Reddit,13,233,6,4,2,6
Snapchat,18,40,8,10,4,5
YouTube,20,184,7,4,0,7
Twitter/X,13,285,8,5,3,5
Twitter/X,21,162,6,7,2,2
Twitter/X,15,323,7,9,1,9
Instagram,17,257,7,4,4,7
Reddit,21,135,6,3,2,3
YouTube,17,172,4,3,3,7
Twitter/X,17,339,7,4,0,6
Snapchat,22,188,4,4,5,5
Reddit,22,140,7,7,2,2
Snapchat,14,78,4,5,2,6
Instagram,17,214,4,7,2,5
Discord,22,124,4,7,3,8
YouTube,17,323,4,7,3,2
Twitter/X,18,267,7,7,5,2
Discord,18,187,6,6,3,4
YouTube,16,56,8,8,0,4
TikTok,13,299,4,2,5,2
YouTube,21,265,7,7,5,2
Instagram,20,270,8,6,4,8
BeReal,13,228,7,10,4,6
YouTube,16,60,7,9,0,5
YouTube,21,48,5,9,1,6
Instagram,14,152,4,6,2,5
YouTube,17,207,8,9,3,5
Discord,16,318,6,6,3,4
Twitter/X,21,21,4,6,1,7
Discord,22,226,5,2,0,5
Snapchat,16,33,5,2,0,4
Reddit,21,219,4,2,3,5
Twitter/X,18,201,6,8,0,7
TikTok,21,62,7,10,0,6
Snapchat,19,229,5,6,2,5
Reddit,20,259,4,5,5,3
TikTok,13,271,4,1,5,4
Reddit,17,331,4,4,2,9
Discord,21,318,6,9,2,4
Twitter/X,15,266,6,6,0,9
BeReal,22,50,4,6,1,9
Snapchat,18,224,6,9,1,5
BeReal,16,146,5,6,4,3
Instagram,13,30,4,3,2,4
Instagram,14,82,7,10,3,2
Reddit,19,83,6,8,3,9
Discord,17,71,4,3,5,6
Discord,15,62,7,6,3,6
Snapchat,14,333,6,3,5,6
BeReal,21,303,4,4,3,9
TikTok,19,50,7,8,4,3
Snapchat,19,135,8,7,3,6
TikTok,17,194,6,3,4,9
YouTube,16,115,4,8,0,5
Snapchat,17,102,8,10,5,4
BeReal,13,164,8,10,5,5
Discord,17,171,7,7,5,6
Reddit,17,261,6,9,2,3
YouTube,14,57,4,2,2,4
Snapchat,14,335,8,6,2,7
TikTok,15,115,7,10,3,2
Snapchat,16,90,5,7,0,3
YouTube,22,183,5,4,2,6
Discord,18,245,4,4,0,9
Reddit,21,352,4,1,0,5
Snapchat,17,255,4,8,1,2
TikTok,17,55,6,5,1,9
Twitter/X,20,156,6,7,2,3
BeReal,16,343,5,2,0,8
Twitter/X,17,274,7,10,2,9
TikTok,18,303,4,7,3,7
Twitter/X,14,239,5,8,2,4
TikTok,16,237,4,2,3,3
Discord,20,96,5,4,4,6
Twitter/X,16,65,8,10,5,7
TikTok,19,159,6,4,4,2
Twitter/X,17,20,4,6,5,5
Instagram,22,154,5,2,3,8
TikTok,22,317,4,8,4,8
Twitter/X,22,55,5,3,0,9
Instagram,21,250,8,6,2,9
Discord,22,76,7,10,0,8
Twitter/X,19,256,4,7,3,9
Twitter/X,14,232,8,7,0,5
Twitter/X,15,350,8,10,3,6
Instagram,14,187,6,4,5,7
Instagram,19,278,8,10,0,3
TikTok,14,209,7,10,1,6
Instagram,21,179,4,5,4,8
Reddit,20,206,7,5,5,8
Twitter/X,17,27,5,5,0,5
Discord,15,212,8,8,4,8
Twitter/X,20,63,5,7,3,2
Instagram,14,231,8,9,2,3
Snapchat,15,153,4,3,1,9
YouTube,13,118,8,6,2,9
Reddit,13,155,4,7,5,4
Reddit,15,303,5,4,2,7
YouTube,20,233,5,3,0,7
YouTube,15,242,5,9,1,2
Reddit,19,252,6,7,4,2
Twitter/X,22,269,5,2,1,9
Twitter/X,16,256,6,8,5,2
YouTube,13,220,8,7,4,6
TikTok,20,41,6,9,3,4
Discord,15,243,8,6,4,3
Reddit,16,246,8,5,0,6
BeReal,15,15,5,4,1,9
BeReal,13,302,7,10,0,3
Twitter/X,15,168,5,6,2,5
TikTok,13,79,8,8,1,3
Instagram,16,221,7,8,0,2
Snapchat,18,356,6,5,3,2
YouTube,14,278,4,1,1,6
YouTube,13,248,4,5,4,5
Instagram,18,172,6,3,4,4
BeReal,18,321,8,10,4,7
TikTok,22,267,6,7,3,9
Discord,21,94,5,5,1,8
Discord,15,186,4,5,3,6
BeReal,14,263,6,5,3,7
Discord,13,223,7,5,1,6
Twitter/X,13,57,4,7,5,2
TikTok,15,341,6,4,4,3
TikTok,19,42,7,10,1,3
Instagram,22,219,8,7,3,4
TikTok,19,302,6,10,1,2
Snapchat,13,209,5,3,2,3
Instagram,22,81,6,7,1,4
Twitter/X,17,17,6,9,4,8
Discord,15,308,7,5,5,9
Snapchat,17,249,5,9,5,5
TikTok,21,299,8,10,0,8
Instagram,17,151,7,6,0,5
BeReal,17,162,6,10,0,3
Reddit,20,117,6,5,5,3
Discord,15,61,4,5,0,9
TikTok,16,238,7,8,4,4
Instagram,20,44,5,5,4,6
Snapchat,20,73,5,6,1,6
BeReal,13,228,6,5,1,4
Twitter/X,20,64,7,8,0,2
Discord,21,307,6,5,2,3
Discord,16,341,6,8,3,6
Reddit,19,126,8,10,0,2
TikTok,15,37,7,7,1,7
BeReal,18,340,8,10,4,6
BeReal,18,222,7,9,3,6
Reddit,19,268,7,10,3,6
TikTok,16,169,8,6,3,6
Instagram,16,100,6,5,1,3
Reddit,17,195,5,4,5,6
Discord,15,76,6,9,0,2
Instagram,17,307,8,8,2,2
Instagram,18,272,4,4,3,7
TikTok,17,219,8,5,2,3
YouTube,20,226,6,6,4,9
Instagram,13,179,7,7,2,3
Instagram,21,40,7,9,0,7
Instagram,16,180,6,8,0,5
Reddit,17,34,5,6,1,4
Instagram,21,185,8,10,0,5
TikTok,15,64,6,8,4,7
Twitter/X,22,103,6,4,4,9
TikTok,19,215,6,8,1,8
Instagram,14,294,4,2,5,9
Instagram,16,81,8,5,5,5
Snapchat,18,117,8,8,3,3
Discord,17,333,4,8,4,4
TikTok,19,188,4,5,4,3
TikTok,14,165,7,10,1,8
TikTok,14,267,5,9,0,4
TikTok,18,121,8,9,2,2
YouTube,18,181,8,10,3,5
TikTok,16,355,4,3,0,5
TikTok,15,173,5,6,5,8
Reddit,19,80,8,6,1,8
Snapchat,14,186,5,6,2,2
Reddit,13,54,6,9,5,3
Snapchat,13,190,8,9,4,6
Discord,20,205,5,5,3,2
Instagram,20,166,8,6,1,5
Twitter/X,16,123,5,8,4,6
TikTok,20,194,4,1,5,2
BeReal,18,212,6,5,2,7
Discord,21,137,8,10,4,8
TikTok,15,116,6,10,4,2
Twitter/X,13,260,5,2,5,2
BeReal,15,304,6,8,3,5
Reddit,19,221,7,7,0,5
Reddit,15,280,7,7,1,9
Twitter/X,17,265,4,2,5,3
Snapchat,14,162,5,7,4,5
YouTube,22,147,5,9,1,4
TikTok,18,228,6,9,0,6
Instagram,15,299,7,8,2,9
BeReal,13,211,6,4,1,5
Twitter/X,20,282,5,4,2,6
Snapchat,16,181,4,7,4,6
YouTube,22,141,8,8,5,8
Instagram,19,89,7,7,4,4
YouTube,22,71,8,7,4,6
BeReal,21,351,7,8,2,6
Twitter/X,19,22,5,3,5,8
Reddit,18,313,5,9,4,6
TikTok,15,325,7,8,2,6
Snapchat,20,268,4,6,4,3
TikTok,22,315,6,4,5,5
Reddit,17,173,7,10,1,3
TikTok,21,272,6,7,0,3
Discord,20,15,8,7,1,3
Reddit,14,256,5,7,4,4
Discord,17,102,7,5,5,2
Discord,18,181,8,6,1,7
TikTok,15,70,7,8,5,6
BeReal,18,231,5,8,2,3
YouTube,20,27,6,10,0,4
YouTube,20,78,5,7,0,8
Snapchat,14,85,4,4,2,3
YouTube,22,337,7,9,0,8
Snapchat,17,206,5,6,0,7
Twitter/X,21,304,7,6,1,7
TikTok,22,356,8,10,2,4
Snapchat,22,94,8,10,3,2
Snapchat,18,337,8,9,2,7
Twitter/X,17,84,5,2,2,6
BeReal,15,310,4,3,4,8
BeReal,16,142,6,6,3,2
Reddit,16,89,5,2,0,3
BeReal,14,326,6,8,3,8
YouTube,15,319,6,4,3,8
Snapchat,14,193,7,10,2,8
YouTube,20,159,7,4,1,2
YouTube,19,216,5,8,5,2
Snapchat,19,335,8,10,0,9
Twitter/X,21,147,4,6,1,3
Reddit,18,294,6,5,1,9
Reddit,14,243,5,9,2,8
Instagram,13,140,6,4,0,7
Snapchat,21,245,4,4,2,3
BeReal,14,316,8,9,5,9
Discord,18,22,4,8,0,8
Discord,17,40,7,5,5,4
Twitter/X,16,162,7,5,0,7
Twitter/X,18,108,6,3,1,9
Snapchat,13,73,6,4,0,5
Instagram,21,348,5,7,1,3
TikTok,19,341,8,10,5,3
Twitter/X,15,90,5,6,2,2
Reddit,13,260,4,4,3,8
Reddit,20,21,8,5,3,2
Reddit,13,190,4,7,2,2
Twitter/X,14,60,8,8,1,6
Instagram,14,352,6,7,0,9
Instagram,17,118,8,8,2,5
TikTok,20,112,5,6,3,3
Twitter/X,18,95,5,6,5,3
TikTok,16,148,4,5,4,3
Snapchat,19,296,8,7,3,7
YouTube,18,340,5,9,1,5
Reddit,21,294,6,9,0,8
Discord,18,222,8,9,3,2
YouTube,14,332,6,10,4,8
Twitter/X,22,68,5,5,4,6
Discord,22,145,8,8,0,9
Discord,18,247,8,9,2,2
Snapchat,16,44,7,10,0,6
Reddit,18,31,5,8,0,3
TikTok,21,142,7,10,4,3
Instagram,21,52,8,6,5,5
BeReal,21,43,4,2,0,6
BeReal,13,275,6,7,5,6
Discord,18,132,5,7,3,9
Snapchat,14,47,8,10,0,3
Instagram,22,154,6,5,3,7
Snapchat,14,223,6,8,0,6
Reddit,15,20,4,1,4,9
Reddit,17,69,6,6,3,9
Snapchat,15,106,8,10,2,8
YouTube,14,157,8,8,2,6
TikTok,13,267,5,4,3,8
TikTok,22,360,8,5,1,9
BeReal,20,141,4,2,0,4
Twitter/X,16,247,6,6,1,7
Twitter/X,14,192,4,5,4,6
Instagram,13,268,6,9,3,4
YouTube,22,249,8,6,0,4
TikTok,13,239,7,4,2,7
Twitter/X,21,352,7,4,2,4
Twitter/X,16,239,7,10,4,8
BeReal,16,82,6,7,4,8
Reddit,13,263,4,3,4,9
YouTube,20,80,5,2,2,9
TikTok,15,74,7,10,1,8
Reddit,21,337,5,9,1,6
Snapchat,21,303,4,5,1,8
Twitter/X,17,163,7,4,5,8
Twitter/X,21,324,8,8,1,3
TikTok,16,111,4,5,2,4
TikTok,20,324,6,6,2,7
Reddit,17,194,4,5,2,8
Snapchat,17,27,6,7,0,8
YouTube,14,232,7,8,0,9
Instagram,13,46,5,5,3,2
Discord,20,151,5,3,1,2
Reddit,19,25,6,3,5,7
Reddit,22,18,5,3,5,9
Instagram,21,274,8,5,3,4
Discord,15,46,7,9,1,2
BeReal,20,89,5,8,4,8
Reddit,20,130,6,8,4,8
Instagram,14,181,4,1,4,7
Twitter/X,17,309,4,5,5,8
Twitter/X,14,238,7,6,0,4
BeReal,14,323,6,5,3,3
BeReal,14,277,7,10,0,8
YouTube,20,86,4,2,3,6
Twitter/X,17,251,4,4,1,4
Twitter/X,21,61,8,10,1,6
TikTok,16,24,4,5,5,5
Reddit,15,205,7,5,5,7
YouTube,22,137,4,6,4,3
BeReal,19,99,6,3,2,8
Reddit,14,29,4,1,3,3
Twitter/X,21,49,7,5,4,5
Snapchat,22,292,7,9,1,8
Reddit,14,168,6,3,5,3
TikTok,21,260,8,10,0,5
BeReal,17,118,7,5,1,7
TikTok,17,100,7,5,4,3
Snapchat,17,47,6,5,0,4
TikTok,22,137,5,9,1,2
Instagram,19,34,5,4,4,9
Twitter/X,20,131,7,10,2,8
Discord,14,26,8,9,2,4
Instagram,20,79,6,7,5,2
YouTube,20,212,6,7,5,3
YouTube,16,26,8,9,5,7
Twitter/X,15,84,6,8,2,6
Snapchat,15,275,6,4,2,3
YouTube,19,118,5,7,2,8
TikTok,16,123,5,5,0,7
Reddit,14,336,5,3,0,3
YouTube,20,86,5,8,3,2
Snapchat,14,123,6,5,5,4
TikTok,14,54,4,1,4,5
Instagram,21,261,8,8,1,5
Instagram,22,349,4,4,4,3
Reddit,13,97,4,3,4,8
TikTok,21,76,6,6,1,7
Reddit,15,292,5,7,4,2
Twitter/X,21,283,7,10,5,8
Instagram,20,223,8,10,4,2
Snapchat,17,160,7,8,2,4
YouTube,18,309,8,10,2,6
Instagram,22,110,7,4,1,2
BeReal,18,145,5,4,5,6
Instagram,14,169,7,10,4,5
Reddit,16,346,8,6,2,8
Twitter/X,21,207,7,5,2,2
YouTube,17,290,6,8,2,7
YouTube,19,247,8,8,5,4
Reddit,16,126,6,8,5,9
Instagram,21,357,4,2,3,7
Reddit,19,59,6,7,5,8
Reddit,18,280,6,3,4,7
BeReal,14,40,7,4,3,3
TikTok,17,22,5,4,5,5
Twitter/X,22,228,4,7,2,7
Twitter/X,15,106,8,10,0,6
Discord,16,237,4,5,4,6
Reddit,14,287,4,8,2,7
BeReal,18,240,7,6,3,5
Reddit,22,21,4,8,1,2
YouTube,19,196,8,5,3,9
Discord,19,239,6,6,1,6
Instagram,22,248,4,6,2,7
Instagram,14,359,5,5,1,6
YouTube,14,255,5,9,5,6
Reddit,16,64,8,10,1,6
Instagram,15,215,4,1,0,7
Twitter/X,15,210,5,4,1,3
Instagram,20,281,6,10,3,6
Reddit,15,31,6,7,1,2
TikTok,14,280,7,10,4,4
BeReal,15,219,5,6,0,3
TikTok,17,304,7,10,5,6
TikTok,21,53,8,7,3,3
Twitter/X,14,114,4,5,4,4
Snapchat,20,227,5,6,1,6
Reddit,16,205,7,5,4,8
YouTube,18,158,7,7,3,6
Twitter/X,20,71,6,10,1,9
Discord,20,319,5,3,5,2
BeReal,14,80,5,5,3,9
TikTok,15,70,6,8,2,4
YouTube,20,140,8,10,3,2
Discord,14,143,6,9,0,5
Reddit,17,114,5,5,2,2
Reddit,16,80,8,10,3,7
Twitter/X,17,271,6,3,0,6
Snapchat,14,16,8,10,4,7
BeReal,19,17,4,7,5,8
Reddit,20,308,5,4,3,5
Reddit,13,267,8,5,5,9
Snapchat,13,270,8,8,5,5
TikTok,13,70,5,8,1,6
Instagram,21,112,4,6,5,4
Reddit,17,217,7,8,2,7
Reddit,16,106,5,7,0,7
Discord,19,253,8,9,4,2
Twitter/X,22,184,6,10,2,4
Instagram,13,80,8,7,1,6
YouTube,20,63,6,5,5,6
YouTube,21,352,8,5,0,5
BeReal,15,352,6,5,4,6
Instagram,22,221,8,10,2,9
YouTube,21,187,5,9,2,3
Snapchat,15,21,7,6,0,7
Instagram,18,211,4,3,1,4
Discord,20,348,4,4,1,3
YouTube,16,252,8,5,0,8
Discord,13,330,7,8,1,5
Twitter/X,18,202,4,8,5,5
Snapchat,13,34,8,7,5,4
Discord,17,318,4,4,0,8
TikTok,13,277,6,8,5,9
Instagram,17,77,8,8,3,6
Instagram,19,155,4,6,0,3
Snapchat,15,102,6,4,1,4
Twitter/X,13,54,4,3,1,4
YouTube,15,76,5,4,5,7
TikTok,17,110,7,7,2,2
Snapchat,15,66,6,4,3,3
Instagram,14,322,8,10,1,4
TikTok,13,183,8,10,4,6
Snapchat,21,60,6,6,5,7
TikTok,22,346,6,4,4,9
TikTok,20,223,5,2,5,3
TikTok,14,193,6,6,5,3
Reddit,20,41,4,5,0,2
Discord,21,282,5,2,3,6
Twitter/X,19,89,4,1,4,5
Snapchat,20,112,7,9,1,5
BeReal,15,206,5,2,5,7
Reddit,18,225,7,5,3,9
TikTok,15,252,8,9,2,2
TikTok,16,26,6,10,1,7
YouTube,16,347,5,6,5,9
Instagram,20,356,5,2,3,8
BeReal,21,238,4,3,0,4
Snapchat,21,191,6,3,2,2
Snapchat,19,62,7,10,4,6
Twitter/X,13,66,6,9,5,4
Snapchat,18,291,6,4,4,2
Reddit,13,163,6,5,5,9
TikTok,17,257,4,6,5,8
Discord,22,251,4,8,1,3
Snapchat,19,303,8,6,2,5
YouTube,17,198,5,5,4,6
YouTube,13,328,5,8,4,9
YouTube,16,75,4,3,0,7
Snapchat,13,344,6,9,2,7
Instagram,16,147,6,3,2,7
Reddit,18,330,6,4,4,9
Discord,16,325,6,3,2,6
Discord,22,86,4,6,2,7
Twitter/X,17,323,4,3,4,5
TikTok,14,246,8,9,4,6
Discord,15,109,8,8,1,7
BeReal,17,94,7,10,5,5
Instagram,17,329,6,8,0,6
BeReal,21,348,7,8,0,8
YouTube,21,298,5,3,0,7
Snapchat,18,67,5,3,0,6
Reddit,15,140,4,2,3,8
Twitter/X,18,214,5,8,1,2
Instagram,17,113,5,7,4,2
TikTok,18,217,6,3,3,7
Twitter/X,19,305,6,4,2,8
BeReal,16,189,8,7,5,5
Reddit,15,203,7,10,2,3
Reddit,14,231,6,9,5,8
Twitter/X,20,220,6,3,3,5
YouTube,19,198,6,9,0,9
TikTok,14,43,7,10,3,8
YouTube,22,109,6,9,1,5
Discord,17,117,7,6,4,7
TikTok,18,227,5,5,3,6
BeReal,20,337,6,4,3,5
YouTube,16,227,4,2,0,9
Reddit,20,211,4,6,1,6
Twitter/X,13,119,6,4,3,7
Discord,22,291,4,7,0,6
Reddit,17,298,7,10,0,7
BeReal,19,171,7,4,1,8
YouTube,15,159,5,8,3,4
Snapchat,20,65,8,7,0,9
YouTube,19,213,6,9,3,9
YouTube,22,43,7,4,3,4
BeReal,20,98,5,8,2,9
Reddit,14,147,7,10,3,7
BeReal,14,228,6,3,1,4
Reddit,14,352,5,5,2,6
Twitter/X,20,104,6,7,4,3
BeReal,19,153,8,7,3,3
Discord,21,340,4,1,4,7
BeReal,21,51,8,8,1,2
BeReal,13,128,5,3,2,8
Reddit,20,19,6,6,1,2
Twitter/X,14,321,8,8,4,8
Instagram,19,306,7,6,2,7
Reddit,22,59,4,1,1,2
BeReal,18,285,7,7,4,2
Discord,13,166,6,4,3,3
Reddit,19,340,4,4,0,8
YouTube,18,160,8,10,1,8
TikTok,13,163,8,5,4,2
Twitter/X,20,149,8,10,2,6
Instagram,15,168,8,8,4,9
TikTok,16,290,8,7,3,5
Twitter/X,17,149,6,8,4,2
Twitter/X,20,118,4,2,4,7
Snapchat,19,53,6,8,5,9
Snapchat,17,203,7,10,1,8
YouTube,13,198,4,3,4,3
Reddit,16,239,8,10,1,3
BeReal,16,115,5,7,3,5
Reddit,22,339,6,10,0,2
TikTok,18,32,5,6,1,3
Reddit,15,327,5,5,5,7
Reddit,15,78,5,6,1,5
Twitter/X,20,60,5,2,2,9
Discord,22,80,4,4,5,8
Instagram,19,273,5,9,1,9
Instagram,15,144,6,9,2,7
YouTube,14,360,4,8,3,2
BeReal,13,22,8,10,0,8
BeReal,17,150,5,7,4,5
Discord,18,350,7,5,3,3
Twitter/X,19,120,5,8,0,8
TikTok,13,359,4,4,5,4
YouTube,14,107,5,2,1,8
BeReal,15,233,8,9,3,5
Instagram,21,59,7,4,1,7
Instagram,16,154,5,2,3,4
Twitter/X,21,19,6,5,2,7
TikTok,14,352,7,7,4,4
TikTok,14,174,5,8,3,7
BeReal,16,114,6,9,3,9
Reddit,19,286,5,5,0,2
BeReal,16,256,4,4,4,9
BeReal,17,236,6,6,4,7
Instagram,21,280,5,7,5,9
Instagram,17,151,6,8,2,4
YouTube,18,339,8,10,5,6
Snapchat,14,39,8,9,1,2
Twitter/X,17,248,8,9,5,5
Instagram,14,281,7,4,4,2
BeReal,18,127,8,8,5,7
Reddit,20,231,4,1,5,6
Snapchat,20,35,8,8,4,8
Twitter/X,17,284,8,9,5,5
YouTube,21,345,4,6,1,8
YouTube,17,242,4,7,3,2
Discord,20,348,8,5,2,6
Discord,18,82,8,7,2,4
Discord,22,70,6,3,4,9
Discord,18,307,5,3,5,5
TikTok,13,192,8,10,3,8
Discord,19,48,8,9,0,8
Twitter/X,20,47,6,4,5,9
BeReal,17,358,4,1,2,8
Reddit,16,81,7,6,2,8
YouTube,13,107,6,10,4,8
Twitter/X,16,186,7,10,3,8
BeReal,16,233,4,4,1,3
TikTok,15,156,6,9,0,7
Discord,20,327,8,9,2,3
Twitter/X,14,321,8,10,4,5
Snapchat,20,229,5,2,4,4
YouTube,20,71,4,6,4,8
Instagram,15,116,5,2,2,9
YouTube,15,266,5,4,2,5
BeReal,18,291,4,2,3,4
Twitter/X,22,214,8,10,0,7
TikTok,14,152,7,10,3,3
Reddit,16,74,6,6,4,2
Reddit,15,348,7,10,0,3
TikTok,22,99,8,8,5,6
Discord,13,81,7,4,5,5
Twitter/X,21,292,8,10,2,5
Twitter/X,17,46,8,10,4,6
Snapchat,13,168,8,10,5,6
Snapchat,21,268,7,10,5,7
Reddit,20,176,5,8,3,3
Discord,18,345,5,4,5,6
TikTok,16,118,7,7,1,4
Reddit,17,41,8,6,4,6
Discord,17,302,8,5,1,2
Discord,15,254,5,7,4,3
Snapchat,14,176,7,10,2,6
Snapchat,22,236,4,3,0,7
Snapchat,21,244,4,1,0,2
Reddit,15,161,7,9,1,3
Snapchat,15,195,7,6,2,6
YouTube,20,227,5,4,5,2
Reddit,19,194,6,8,3,8
BeReal,13,112,7,4,3,2
TikTok,13,304,6,8,3,7
YouTube,21,285,5,7,5,9
Discord,16,249,4,2,3,3
Twitter/X,19,331,4,2,5,9
TikTok,21,301,7,9,4,3
Twitter/X,21,316,4,7,1,5
YouTube,20,280,6,3,4,9
TikTok,22,201,7,5,2,8
Snapchat,14,19,4,1,2,9
TikTok,22,164,4,7,5,7
Reddit,21,188,8,5,0,5
BeReal,13,292,7,5,2,8
YouTube,22,57,4,3,3,6
Snapchat,16,256,8,8,3,8
Snapchat,16,71,6,10,0,3
Snapchat,19,24,6,9,5,4
Snapchat,19,213,8,7,1,8
Snapchat,13,63,5,6,1,3
Discord,21,270,7,7,0,4
Reddit,15,272,4,2,4,2
YouTube,14,316,7,9,1,7
TikTok,16,193,8,7,5,8
YouTube,20,159,7,6,2,7
TikTok,22,281,7,5,5,5
YouTube,22,76,7,6,1,4
Snapchat,16,331,5,9,2,6
TikTok,16,286,7,4,2,7
Discord,17,28,6,7,3,7
Twitter/X,16,108,6,4,1,8
Instagram,20,32,5,6,4,3
Discord,14,21,7,5,3,9
Reddit,20,197,5,8,0,2
Discord,18,170,6,10,4,6
Snapchat,20,204,5,9,1,9
YouTube,15,218,8,10,1,9
Snapchat,17,174,6,10,5,3
Snapchat,15,208,8,10,0,6
YouTube,19,320,5,2,0,3
Snapchat,18,276,6,6,2,2
Snapchat,22,263,4,6,1,9
Instagram,19,354,6,3,0,5
BeReal,17,298,8,10,3,4
Reddit,16,266,7,6,2,8
TikTok,13,184,8,8,0,2
Discord,17,263,8,9,0,7
Instagram,18,67,6,7,4,2
Reddit,13,139,6,9,5,4
BeReal,13,212,4,1,5,7
Instagram,13,321,4,8,0,7
YouTube,20,91,8,6,3,9
Discord,13,300,8,9,3,9
Twitter/X,16,53,4,6,5,6
Twitter/X,14,230,6,6,5,5
Snapchat,21,288,5,8,3,2
Instagram,22,248,6,4,4,8
Snapchat,21,266,6,10,0,9
Snapchat,16,41,7,9,5,7
BeReal,21,223,4,7,2,6
TikTok,16,18,4,4,1,4
Instagram,19,164,7,6,0,8
Reddit,20,103,8,8,3,3
Discord,14,29,5,4,4,8
YouTube,21,17,5,8,2,4
Instagram,16,53,6,4,5,4
Snapchat,19,176,8,6,5,9
BeReal,15,312,5,7,3,5
Reddit,16,227,8,6,1,5
Instagram,18,127,5,7,1,8
Instagram,13,50,4,2,1,5
Instagram,20,123,8,5,0,4
Snapchat,14,84,6,6,5,8
Twitter/X,15,63,4,2,0,9
Discord,18,106,4,6,5,2
Instagram,22,310,4,2,4,9
TikTok,18,273,4,6,5,3
TikTok,14,180,4,5,0,4
Snapchat,18,45,4,2,1,9
Twitter/X,13,281,5,8,3,2
YouTube,22,43,8,10,1,2
BeReal,22,316,4,5,4,5
BeReal,14,322,4,1,2,7
TikTok,17,77,6,9,5,3
BeReal,18,224,4,1,4,7
YouTube,17,291,5,7,4,3
Snapchat,20,186,5,8,5,4
Discord,20,329,8,5,2,4
YouTube,16,353,6,10,2,2
TikTok,20,296,5,7,5,8
YouTube,19,153,4,6,4,7
TikTok,14,294,6,8,3,9
TikTok,20,26,7,10,2,9
Reddit,19,82,7,5,0,8
TikTok,13,160,5,2,1,2
BeReal,16,193,5,8,4,4
TikTok,18,333,7,4,0,9
Reddit,14,234,8,5,0,7
YouTube,17,253,6,8,0,9
Discord,21,65,6,7,2,5
Discord,17,225,8,7,3,8
Snapchat,19,125,8,10,0,3
YouTube,21,134,5,6,5,6
TikTok,18,187,5,4,3,9
BeReal,20,60,5,7,4,8
TikTok,19,26,4,2,1,3
TikTok,16,359,7,10,0,9
BeReal,21,343,8,7,4,5
Instagram,22,44,7,10,1,7
Discord,13,41,8,5,3,4
Twitter/X,13,314,6,9,5,8
Reddit,13,186,4,7,4,2
Snapchat,18,204,5,9,1,9
Discord,13,241,4,5,0,2
Snapchat,17,76,7,5,3,9
Snapchat,16,270,8,10,1,2
Instagram,18,129,5,2,0,4
Twitter/X,14,284,7,8,3,2
Discord,21,205,6,3,1,5
TikTok,16,245,6,7,3,3
Twitter/X,19,198,4,4,3,3
Twitter/X,13,20,7,8,4,5
Snapchat,19,290,5,2,0,4
Instagram,15,70,6,5,3,4
Instagram,20,352,7,10,4,7
BeReal,18,251,4,7,4,9
Snapchat,18,23,4,7,4,9
YouTube,19,190,8,10,5,6
Snapchat,16,76,6,4,0,2
TikTok,20,277,5,3,1,7
BeReal,14,331,4,4,5,8
Reddit,14,262,7,9,4,3
YouTube,20,208,4,7,0,9
TikTok,15,196,6,3,3,7
Discord,22,115,8,6,5,9
Snapchat,19,151,4,4,2,6
Discord,16,155,4,3,4,7
Twitter/X,22,319,4,1,4,9
BeReal,14,265,6,9,3,5
Twitter/X,20,312,4,4,5,3
Reddit,21,118,5,2,0,9
YouTube,21,216,6,7,1,9
Instagram,14,77,5,8,4,4
BeReal,15,83,6,10,3,3
YouTube,17,288,7,10,5,8
Instagram,14,128,4,1,5,8
Snapchat,17,201,5,3,0,7
BeReal,14,294,5,8,2,4
Snapchat,20,74,4,7,4,6
Reddit,19,238,6,9,2,6
Instagram,17,109,8,6,5,2
YouTube,20,151,8,10,1,8
Discord,18,227,7,5,1,3
Snapchat,17,326,8,10,3,6
TikTok,18,195,7,6,0,5
TikTok,22,57,5,8,4,5
Instagram,15,271,5,9,3,9
Snapchat,15,23,7,5,5,3
YouTube,18,29,5,5,3,8
Discord,22,162,8,7,3,5
Reddit,20,261,6,7,3,5
Snapchat,17,184,7,5,4,7
Twitter/X,17,304,7,8,3,4
BeReal,19,36,6,4,5,4
TikTok,20,270,4,8,0,8
Discord,17,173,5,5,4,8
YouTube,15,154,7,4,0,6
Snapchat,22,351,6,8,5,6
BeReal,14,99,4,1,3,5
TikTok,19,299,4,1,3,4
Discord,15,140,8,10,5,9
Reddit,20,178,5,4,4,5
TikTok,21,260,6,3,2,6
TikTok,22,346,6,5,2,8
Discord,14,49,8,5,1,6
Reddit,20,38,4,7,0,8
YouTube,21,150,7,7,4,3
Instagram,19,140,7,4,5,9
Snapchat,14,302,6,3,4,4
Snapchat,19,48,7,7,2,2
Twitter/X,17,214,6,8,4,2
TikTok,20,192,5,6,0,2
TikTok,20,202,6,3,2,5
Twitter/X,20,295,4,5,0,4
BeReal,20,27,4,6,1,5
BeReal,22,84,8,8,4,4
TikTok,15,138,8,6,5,3
BeReal,17,349,4,1,3,6
YouTube,15,212,5,6,1,4
YouTube,20,211,4,4,2,8
BeReal,15,318,6,7,1,6
BeReal,15,85,5,8,2,9
Snapchat,21,141,5,5,2,5
Snapchat,19,37,5,4,1,4
BeReal,18,207,4,8,5,7
YouTube,17,154,4,8,1,2
TikTok,21,57,8,7,2,4
Discord,14,102,8,10,1,7
BeReal,18,97,5,5,1,2
YouTube,22,265,6,3,0,4
YouTube,19,241,7,9,0,6
Twitter/X,18,153,8,9,2,6
Discord,15,322,7,7,3,4
Reddit,21,111,5,5,1,6
YouTube,16,263,6,8,5,9
YouTube,20,292,6,4,1,5
TikTok,14,214,6,6,0,4
Reddit,17,192,7,10,3,7
BeReal,13,196,7,5,3,3
Twitter/X,22,345,4,4,1,5
YouTube,18,217,5,7,2,2
TikTok,16,186,8,9,0,2
YouTube,17,57,4,4,3,5
Snapchat,13,353,5,4,0,3
BeReal,16,291,5,4,5,8
Instagram,19,290,7,10,3,5
Instagram,20,23,8,10,2,8
YouTube,22,327,8,10,2,8
TikTok,22,101,8,10,4,3
TikTok,13,80,8,9,4,5
YouTube,18,22,8,8,1,9
Twitter/X,16,80,8,10,4,6
Reddit,16,353,5,2,5,3
YouTube,13,217,6,6,1,4
YouTube,22,215,8,6,0,8
Reddit,17,71,4,6,0,8
Discord,17,226,6,5,1,8
Twitter/X,22,256,8,7,3,2
Instagram,21,22,4,5,3,2
YouTube,15,97,7,4,5,2
Discord,16,303,4,4,5,6
BeReal,16,75,4,6,1,5
TikTok,15,334,4,5,5,6
Snapchat,21,89,5,8,0,8
Instagram,14,25,8,10,1,5
Snapchat,14,79,4,1,0,7
TikTok,13,227,4,8,4,6
BeReal,13,159,5,2,4,9
BeReal,19,233,5,3,0,2
Discord,18,117,4,5,1,4
YouTube,19,182,5,4,3,3
Discord,20,106,6,3,3,8
Snapchat,16,131,5,9,2,2
Discord,17,147,8,8,0,9
Discord,22,124,7,4,0,8
TikTok,19,277,7,10,1,2
BeReal,16,253,5,4,5,7
BeReal,18,294,6,6,3,5
TikTok,20,31,4,4,4,3
Instagram,15,306,6,10,4,4
Snapchat,16,133,6,9,1,5
Discord,15,351,5,5,2,4
Snapchat,19,169,4,1,0,6
Discord,15,113,4,6,3,8
Twitter/X,20,246,7,4,5,8
TikTok,15,197,4,8,2,5
Discord,15,78,4,5,1,5
Instagram,16,66,7,10,2,8
Reddit,21,20,5,8,5,9
Discord,21,191,4,2,3,8
Reddit,14,90,6,10,5,8
Twitter/X,22,248,7,10,2,8
Snapchat,19,203,8,5,1,4
BeReal,20,167,7,8,5,4
Twitter/X,17,175,7,10,1,6
Discord,20,357,8,7,0,2
TikTok,16,266,7,7,2,4
TikTok,16,263,5,6,1,2
Discord,19,202,5,7,1,3
BeReal,13,187,7,6,3,9
BeReal,22,296,5,2,0,4
Instagram,16,34,6,6,1,2
BeReal,20,304,4,1,5,3
Snapchat,14,199,5,4,1,6
Instagram,22,328,6,8,2,2
Reddit,15,263,4,2,0,8
YouTube,14,320,8,10,2,6
Instagram,19,214,7,10,2,8
Snapchat,22,31,7,9,0,8
Twitter/X,14,82,7,9,2,9
YouTube,20,34,6,5,5,3
Discord,14,201,5,5,4,9
BeReal,21,267,4,1,0,7
Discord,18,43,7,7,2,9
Reddit,16,357,5,3,1,5
Twitter/X,17,345,5,5,3,2
Reddit,15,17,5,9,3,2
Snapchat,13,337,7,4,3,5
BeReal,16,217,7,4,1,3
Reddit,22,344,7,10,0,9
Instagram,17,211,7,4,0,7
Twitter/X,22,136,4,5,4,5
Discord,17,328,8,6,5,8
TikTok,18,331,4,3,4,9
Snapchat,19,350,5,4,2,7
Twitter/X,20,170,4,5,5,7
Instagram,21,339,8,5,3,8
Instagram,16,227,5,6,0,3
Reddit,14,228,8,8,0,5
YouTube,16,208,5,6,2,4
Instagram,17,355,5,5,1,8
Discord,17,151,6,4,3,6
Discord,19,64,6,5,5,8
TikTok,18,328,4,6,3,9
Discord,13,337,7,8,4,3
BeReal,22,29,7,4,5,3
Snapchat,18,240,4,7,0,4
Snapchat,15,150,8,10,0,6
BeReal,13,224,7,9,4,8
Twitter/X,13,24,4,3,0,9
BeReal,19,170,7,4,5,6
Reddit,13,57,7,9,3,3
Snapchat,17,238,7,6,2,8
Twitter/X,14,87,6,4,3,4
Instagram,15,210,4,5,1,4
Discord,20,161,7,10,4,7
TikTok,16,231,8,6,4,6
Instagram,17,151,7,7,2,2
Instagram,15,245,5,3,3,3
Discord,14,69,5,3,1,2
Twitter/X,21,272,8,9,0,5
Reddit,15,207,5,3,1,6
Discord,19,29,7,5,5,4
Twitter/X,15,70,8,8,4,7
Snapchat,15,100,8,8,0,3
Discord,15,130,4,2,2,6
BeReal,22,246,4,5,4,5
TikTok,15,23,7,4,2,5
Twitter/X,17,140,5,6,2,3
Snapchat,22,355,8,8,4,9
Discord,16,54,4,8,2,3
Discord,21,245,7,8,1,9
YouTube,13,18,8,7,0,3
BeReal,13,229,8,8,1,4
Discord,13,55,4,7,1,2
TikTok,19,291,4,8,1,4
TikTok,22,252,6,3,3,9
Snapchat,14,272,8,5,3,8
Twitter/X,13,354,6,9,2,7
YouTube,17,26,4,3,3,9
TikTok,19,50,7,6,3,9
Twitter/X,16,360,8,10,2,5
TikTok,19,63,4,7,4,3
Discord,15,348,4,6,4,4
YouTube,13,27,6,7,4,4
Snapchat,22,151,7,10,3,3
Reddit,19,78,4,6,3,2
Instagram,14,25,8,7,0,9
YouTube,20,297,7,10,2,7
BeReal,14,326,6,8,3,4
Instagram,16,150,4,4,4,8
Twitter/X,14,252,7,10,5,5
BeReal,15,263,5,7,4,2
Reddit,16,191,8,8,0,4
TikTok,18,53,4,1,4,3
Snapchat,22,316,8,7,5,6
Reddit,14,126,4,2,0,5
Twitter/X,21,28,7,10,5,3
Instagram,22,62,5,2,5,6
Twitter/X,22,132,8,10,4,7
Reddit,16,282,6,8,1,7
Discord,19,294,4,7,3,4
YouTube,13,19,5,9,1,8
YouTube,20,191,7,4,4,3
Twitter/X,14,290,4,8,3,5
YouTube,19,284,5,8,0,6
Discord,19,150,6,8,3,7
YouTube,14,46,4,3,3,8
BeReal,17,108,7,9,3,3
Discord,21,319,4,3,2,7
Snapchat,22,65,7,9,1,9
Discord,17,246,6,3,0,7
Reddit,19,284,6,5,3,4
Twitter/X,17,184,5,5,5,4
Discord,13,85,5,2,4,3
Snapchat,15,312,6,6,4,9
TikTok,18,33,4,1,1,5
Discord,14,173,5,2,0,6
Instagram,14,241,7,8,4,3
Snapchat,21,118,5,6,4,7
TikTok,14,18,8,10,5,9
Instagram,15,166,8,6,0,8
YouTube,17,249,8,10,3,8
Snapchat,22,256,6,9,3,5
Instagram,20,90,4,8,4,4
TikTok,22,84,7,4,5,2
Reddit,21,348,6,9,2,4
BeReal,16,169,6,10,3,5
Twitter/X,21,250,5,3,0,3
YouTube,18,162,8,7,2,8
BeReal,17,178,7,8,2,5
TikTok,16,98,8,6,5,7
Reddit,14,118,7,6,1,5
Snapchat,22,32,6,9,0,6
Reddit,20,167,4,8,1,6
Instagram,14,278,7,10,0,9
Instagram,21,145,8,6,2,4
BeReal,20,69,4,6,5,4
BeReal,18,22,7,7,3,3
YouTube,15,33,6,3,3,5
Snapchat,15,114,7,6,5,3
BeReal,22,333,4,2,0,5
Instagram,20,132,7,10,0,8
BeReal,14,311,7,10,4,9
TikTok,19,103,7,10,3,3
Discord,14,236,8,7,3,7
BeReal,13,42,7,7,1,3
Snapchat,20,52,5,3,2,3
BeReal,13,325,7,6,3,5
TikTok,19,258,5,6,4,4
Discord,15,235,7,10,5,3
BeReal,21,158,4,6,2,7
TikTok,15,23,7,5,1,8
BeReal,16,255,4,2,2,6
BeReal,20,66,6,5,3,3
Snapchat,18,320,8,8,1,3
BeReal,22,124,7,10,2,4
TikTok,18,49,4,3,5,8
TikTok,13,315,4,3,4,4
BeReal,20,176,7,9,1,5
BeReal,19,335,7,7,1,8
Discord,15,238,7,10,3,5
Instagram,14,149,5,5,2,4
BeReal,22,360,6,6,2,2
BeReal,14,222,5,9,3,8
Discord,20,285,6,9,0,7
Reddit,17,75,5,3,5,2
Reddit,19,216,4,3,4,9
Snapchat,22,170,6,4,1,7
Reddit,13,322,8,5,0,6
Instagram,19,298,4,1,3,7
Twitter/X,13,119,7,7,5,4
Reddit,15,131,7,9,0,7
Discord,16,93,5,8,0,4
BeReal,21,155,7,6,2,2
Reddit,21,119,7,9,4,6
Twitter/X,21,262,4,3,1,2
BeReal,14,37,6,9,2,2
Instagram,19,245,6,4,2,8
BeReal,22,177,5,6,5,2
BeReal,17,65,6,8,0,9
Twitter/X,20,227,6,7,4,8
YouTube,22,108,4,5,4,3
Reddit,17,100,6,3,2,5
Reddit,18,163,6,4,4,3
Reddit,13,40,5,4,1,8
Twitter/X,19,267,8,7,3,8
Snapchat,17,132,6,4,3,3
Discord,21,36,8,10,2,8
TikTok,17,223,8,7,5,3
TikTok,22,128,7,10,2,9
Discord,14,102,5,9,3,9
Instagram,17,151,6,10,0,8
Discord,14,131,8,5,2,2
Instagram,21,223,5,5,2,7
BeReal,14,159,5,9,0,5
TikTok,22,57,5,3,1,7
Twitter/X,16,186,5,4,5,6
TikTok,15,232,7,10,5,4
Instagram,19,302,6,9,3,2
Instagram,15,278,8,10,2,3
TikTok,14,75,5,2,0,7
Instagram,15,207,4,6,2,6
Snapchat,20,243,4,5,0,2
Discord,18,84,8,10,3,6
Reddit,21,276,4,1,5,6
Twitter/X,15,209,4,6,5,3
Twitter/X,17,211,6,4,1,9
Snapchat,21,69,4,3,1,5
TikTok,17,149,8,10,1,8
Reddit,21,31,5,7,2,6
Twitter/X,22,339,8,10,2,4
Reddit,18,265,4,1,2,8
Snapchat,21,163,6,6,1,2
TikTok,14,233,4,7,1,5
Twitter/X,19,61,5,8,0,7
TikTok,13,18,5,9,2,4
TikTok,15,19,8,10,4,8
Instagram,13,269,7,9,3,3
Twitter/X,18,184,7,6,5,5
Discord,20,228,6,9,5,3
Discord,18,248,8,10,4,2
Twitter/X,14,323,8,5,4,7
Instagram,18,207,4,4,1,8
Reddit,15,189,4,1,1,3
Twitter/X,16,27,8,10,0,5
YouTube,13,98,6,9,3,9
Reddit,22,230,8,10,5,2
Reddit,17,60,4,1,4,3
Instagram,20,350,5,8,3,4
Snapchat,17,284,6,8,0,7
BeReal,13,118,6,6,2,3
BeReal,14,354,4,1,1,7
BeReal,13,186,8,8,5,5
Discord,22,158,5,9,2,9
Twitter/X,13,234,5,8,4,7
YouTube,22,334,5,8,5,5
Reddit,22,348,5,6,5,3
TikTok,18,85,6,9,2,3
Reddit,18,40,7,8,1,5
Instagram,18,166,4,7,4,8
Twitter/X,14,156,8,7,3,4
BeReal,15,188,7,7,4,5
Instagram,13,312,5,4,2,3
TikTok,20,257,4,6,2,5
Reddit,20,138,4,8,2,4
TikTok,14,190,5,3,5,4
Reddit,22,136,7,4,4,9
Instagram,20,112,8,10,2,3
YouTube,14,27,5,8,4,8
YouTube,18,319,6,4,1,5
Instagram,20,197,7,10,2,7
YouTube,20,265,4,7,2,4
Snapchat,18,226,5,7,0,8
Instagram,16,71,5,3,4,3
Discord,17,82,5,3,2,7
Discord,13,140,5,9,5,6
TikTok,18,145,7,8,1,4
Twitter/X,18,305,5,4,3,3
Snapchat,13,255,6,7,0,3
Discord,21,212,5,9,4,5
Snapchat,21,161,6,6,4,3
Snapchat,22,78,7,10,0,6
Instagram,13,311,8,8,5,8
BeReal,13,48,7,6,0,7
TikTok,21,150,7,8,2,2
Instagram,13,177,6,6,5,3
Snapchat,15,98,7,8,4,4
YouTube,15,241,5,6,5,6
Twitter/X,13,128,8,8,2,9
Reddit,17,333,8,10,1,5
Snapchat,18,117,7,10,5,6
Snapchat,15,342,7,10,0,8
Discord,21,145,5,7,0,6
Twitter/X,17,359,7,6,3,2
Twitter/X,18,132,8,10,2,7
Twitter/X,22,316,4,1,1,6
BeReal,20,144,6,8,4,7
YouTube,22,68,4,2,1,2
YouTube,15,56,5,3,3,3
BeReal,19,86,6,4,4,9
YouTube,14,342,4,3,5,5
YouTube,14,88,7,9,1,3
Instagram,13,242,6,10,0,2
Twitter/X,17,282,6,3,2,5
Instagram,13,292,7,10,3,7
TikTok,18,121,8,8,3,4
Snapchat,16,138,8,8,3,6
Reddit,22,193,6,7,3,7
Snapchat,13,200,6,8,0,9
YouTube,15,203,7,5,3,4
Instagram,20,259,5,8,4,4
Twitter/X,15,122,5,2,4,8
Reddit,15,246,5,7,0,9
Instagram,14,84,4,1,4,6
Instagram,20,202,8,7,1,4
BeReal,15,174,8,10,4,5
TikTok,20,278,6,10,4,9
YouTube,17,42,6,6,4,8
BeReal,19,239,7,4,5,5
BeReal,16,241,8,10,3,4
Instagram,16,224,7,5,5,6
Reddit,18,31,4,3,1,7
BeReal,21,89,5,5,5,6
BeReal,13,292,5,6,0,8
Snapchat,19,87,8,10,5,5
Reddit,17,173,4,5,4,9
BeReal,20,339,6,8,4,6
TikTok,21,289,5,8,4,2
Instagram,22,113,5,2,3,8
Discord,17,284,4,8,2,7
Snapchat,18,132,8,6,5,4
Twitter/X,18,85,6,3,0,5
Instagram,21,309,7,7,5,9
Reddit,13,354,5,9,4,9
Instagram,16,142,5,3,5,7
YouTube,19,121,4,4,5,4
Twitter/X,21,234,7,8,1,8
Instagram,17,272,8,8,1,8
Snapchat,21,347,4,8,5,7
Instagram,19,35,8,9,5,9
TikTok,21,276,8,5,5,8
Twitter/X,14,134,4,2,2,4
Reddit,20,117,4,8,2,8
Reddit,16,290,7,8,3,3
Instagram,20,295,4,3,3,9
Discord,22,77,7,10,2,7
Snapchat,16,321,4,7,5,4
BeReal,13,165,8,6,2,3
Twitter/X,19,80,5,5,1,5
TikTok,19,270,5,2,0,5
BeReal,15,172,7,4,5,6
TikTok,22,198,4,4,0,9
Discord,18,202,5,2,5,2
YouTube,18,329,5,2,2,9
Instagram,21,115,8,7,5,4
Reddit,16,16,5,2,3,5
BeReal,14,343,7,8,1,6
Reddit,14,90,6,10,4,3
Snapchat,16,112,4,7,0,5
Instagram,21,328,8,7,5,7
Reddit,16,55,4,5,0,4
TikTok,18,122,4,1,2,2
Snapchat,20,226,4,8,3,3
Snapchat,21,316,5,5,1,5
Discord,18,146,5,4,5,5
TikTok,20,270,8,6,3,4
TikTok,17,96,7,10,2,8
Twitter/X,20,26,7,10,1,3
Discord,14,224,5,7,0,4
TikTok,17,110,4,1,3,3
TikTok,17,50,4,7,2,7
Twitter/X,21,110,4,1,5,6
TikTok,15,153,6,8,0,8
TikTok,22,172,7,9,1,9
Instagram,22,92,5,9,4,5
Snapchat,16,101,5,8,3,9
Instagram,22,297,8,10,1,6
Snapchat,18,48,7,4,0,5
Twitter/X,21,288,4,3,0,7
Twitter/X,18,83,6,6,0,9
TikTok,16,21,4,7,0,2
Discord,14,68,5,3,5,4
Reddit,14,40,8,5,3,3
Instagram,15,307,7,10,2,8
BeReal,20,276,4,4,2,5
TikTok,19,134,8,8,5,6
YouTube,18,200,7,8,4,2
Twitter/X,20,168,7,5,3,9
TikTok,18,186,7,8,4,8
Discord,16,93,5,6,3,8
YouTube,14,288,4,6,4,8
Instagram,22,330,5,4,3,5
Discord,16,41,8,7,3,4
Instagram,17,277,5,6,0,3
Twitter/X,15,50,7,7,4,3
Instagram,14,352,8,10,1,5
Snapchat,17,259,4,6,5,4
Twitter/X,21,314,8,10,3,5
Instagram,16,67,7,10,1,3
Twitter/X,21,143,4,8,1,6
YouTube,14,307,4,6,5,9
YouTube,17,216,8,10,5,9
Twitter/X,21,319,7,4,0,7
Discord,15,355,5,9,0,7
Twitter/X,20,248,5,2,0,7
YouTube,19,296,8,5,4,8
Discord,16,175,5,4,0,3
BeReal,20,226,7,5,1,6
Discord,14,50,6,6,5,2
TikTok,15,267,4,8,1,8
Reddit,15,41,7,6,3,4
Discord,17,247,4,7,3,6
Twitter/X,13,247,4,7,1,5
Snapchat,18,83,7,9,5,7
Twitter/X,20,188,7,10,5,3
TikTok,15,18,4,6,3,7
Twitter/X,18,139,4,5,0,9
Discord,16,336,8,8,4,9
Snapchat,20,19,7,9,4,5
YouTube,18,332,5,6,1,5
Discord,17,298,5,5,5,4
Instagram,14,256,4,1,3,5
BeReal,21,53,4,7,4,5
YouTube,22,190,6,6,2,7
BeReal,14,83,8,9,0,5
Discord,13,203,8,10,0,6
TikTok,22,116,4,8,1,4
YouTube,16,182,4,6,0,8
Snapchat,16,141,6,7,0,7
YouTube,21,330,8,8,1,5
YouTube,20,281,7,7,5,5
Twitter/X,21,45,6,5,4,7
TikTok,17,279,8,5,2,7
TikTok,18,190,7,10,2,8
Discord,15,108,7,7,0,2
Reddit,16,215,6,10,0,6
BeReal,13,165,5,2,2,3
Snapchat,22,164,6,10,3,5
YouTube,20,265,8,8,4,2
Discord,20,35,4,4,0,5
BeReal,19,20,6,4,4,3
BeReal,22,304,7,4,2,9
BeReal,16,66,4,1,5,4
BeReal,14,131,7,6,1,7
Twitter/X,20,281,6,4,4,2
YouTube,15,80,5,3,0,5
Reddit,22,343,4,7,3,2
BeReal,13,330,6,4,5,7
BeReal,15,144,4,7,4,7
Discord,18,121,7,5,5,2
Twitter/X,16,173,4,6,1,6
BeReal,17,306,5,5,0,3
Instagram,20,333,8,8,2,7
Reddit,18,51,5,2,3,4
Reddit,20,168,6,6,5,5
Reddit,15,177,8,6,3,2
Snapchat,20,65,6,5,1,9
YouTube,20,97,5,8,1,8
TikTok,20,71,7,5,1,5
Twitter/X,21,68,7,5,0,7
Snapchat,17,344,6,3,1,7
BeReal,21,123,6,7,1,3
TikTok,16,348,6,10,4,8
TikTok,17,149,6,3,0,7
BeReal,22,306,7,8,1,3
Twitter/X,15,98,7,5,0,2
BeReal,17,237,6,8,0,8
Twitter/X,16,19,5,2,0,8
Reddit,18,348,5,5,1,2
Discord,15,26,6,5,1,6
BeReal,13,148,5,6,4,7
Instagram,14,117,7,10,1,6
Twitter/X,13,302,8,8,1,2
Instagram,21,177,8,10,2,4
TikTok,22,130,5,8,4,6
Discord,19,171,5,3,0,4
TikTok,15,28,8,10,3,7
YouTube,18,267,4,8,4,8
Snapchat,13,281,8,7,3,9
YouTube,17,299,5,4,4,6
Instagram,20,150,5,8,4,2
TikTok,20,195,4,2,3,9
Twitter/X,17,246,6,3,1,3
Reddit,21,77,6,10,1,8
Reddit,17,22,8,10,4,2
TikTok,15,28,4,4,4,2
TikTok,22,250,4,5,3,8
Twitter/X,22,185,6,7,0,7
Instagram,16,266,5,3,4,5
Instagram,17,62,8,5,4,6
Snapchat,22,223,4,5,3,4
Instagram,21,270,5,6,1,4
Snapchat,14,202,7,7,2,5
BeReal,19,272,5,7,1,5
TikTok,18,159,7,8,1,4
Twitter/X,18,244,6,8,1,5
Twitter/X,13,238,6,7,0,5
Instagram,20,342,6,7,1,4
BeReal,22,82,4,3,1,4
TikTok,15,135,7,4,5,5
Snapchat,15,283,8,10,0,4
Reddit,13,44,6,5,0,8
TikTok,13,283,6,4,0,8
BeReal,20,344,7,9,1,4
YouTube,21,216,5,9,3,5
Reddit,17,89,4,8,4,7
BeReal,15,101,8,5,5,6
YouTube,19,323,4,8,5,6
Snapchat,16,298,4,7,4,3
TikTok,21,42,8,6,3,6
Twitter/X,18,82,7,9,5,5
BeReal,13,27,6,4,0,4
YouTube,16,212,5,8,2,3
TikTok,19,324,5,9,3,2
YouTube,21,319,5,3,5,5
Reddit,17,312,4,4,3,7
BeReal,14,231,8,10,1,5
TikTok,22,30,4,1,0,7
Twitter/X,17,20,6,10,2,6
BeReal,13,127,8,6,5,9
TikTok,20,152,7,8,4,2
BeReal,22,108,5,4,4,7
YouTube,16,262,5,8,1,5
Instagram,18,242,7,6,5,2
BeReal,15,212,7,7,0,7
Twitter/X,15,348,4,7,1,7
YouTube,22,198,7,7,4,6
BeReal,17,110,5,6,1,6
Instagram,22,117,6,5,3,4
Reddit,16,172,6,7,4,5
Instagram,17,72,4,6,2,7
Reddit,13,50,8,8,5,9
BeReal,15,297,7,10,2,8
Reddit,21,27,7,7,2,7
BeReal,14,26,7,5,3,2
Reddit,18,180,4,3,3,6
BeReal,15,83,5,3,2,8
Discord,15,38,5,2,3,8
Twitter/X,20,308,7,10,3,7
TikTok,16,168,5,6,5,6
BeReal,20,209,5,5,3,8
Reddit,16,243,8,10,0,4
Instagram,17,195,8,10,3,8
BeReal,17,44,6,8,0,8
Snapchat,18,58,8,6,0,7
Twitter/X,19,190,5,4,3,3
YouTube,19,88,6,3,5,6
Reddit,20,255,8,8,1,5
Twitter/X,13,92,7,10,5,4
Reddit,16,70,6,4,1,7
Instagram,16,325,7,9,0,6
TikTok,15,23,4,2,4,2
Reddit,20,264,5,8,4,7
Snapchat,16,247,6,10,3,3
TikTok,18,190,8,9,4,9
YouTube,21,170,4,1,4,3
TikTok,13,197,5,3,1,6
Instagram,20,231,7,10,4,8
TikTok,22,287,7,10,2,7
YouTube,16,279,5,9,1,5
TikTok,13,239,6,10,3,2
YouTube,14,35,7,10,3,5
Twitter/X,16,135,8,10,2,3
Discord,17,61,5,9,2,9
Instagram,15,249,5,2,4,5
Twitter/X,15,201,4,3,0,9
Twitter/X,18,174,7,10,5,2
Instagram,17,258,6,10,0,3
Snapchat,21,24,8,10,0,5
Discord,14,76,7,7,4,8
TikTok,13,61,4,4,0,3
Twitter/X,16,190,5,9,4,2
Instagram,18,224,4,7,1,6
TikTok,22,211,5,6,0,6
Discord,20,159,7,4,5,7
BeReal,22,100,5,4,5,3
YouTube,22,180,7,10,5,7
YouTube,21,325,5,5,2,8
Snapchat,17,72,8,10,0,9
Reddit,16,65,8,7,3,8
Twitter/X,19,277,7,10,5,9
YouTube,20,320,8,10,3,2
Twitter/X,22,352,7,10,2,4
TikTok,19,126,6,10,4,8
Discord,21,27,4,1,2,3
TikTok,21,160,5,8,2,3
Instagram,15,89,4,6,4,5
Twitter/X,22,180,7,4,5,5
Twitter/X,15,207,5,9,1,4
BeReal,19,23,7,10,0,8
Snapchat,18,17,8,6,5,9
Snapchat,19,65,4,1,4,7
Reddit,13,207,8,8,5,4
YouTube,15,114,7,10,5,5
Reddit,18,145,4,2,4,9
YouTube,14,50,4,3,0,4
BeReal,15,106,4,7,1,3
BeReal,17,357,4,4,4,4
BeReal,16,129,6,3,4,7
Reddit,16,178,6,9,4,4
YouTube,15,211,7,6,2,4
Reddit,19,129,8,5,3,6
Snapchat,19,231,5,5,4,3
Snapchat,15,285,4,1,1,5
BeReal,13,338,7,4,4,5
TikTok,17,48,7,7,5,5
Reddit,14,96,5,5,1,3
Discord,18,338,6,10,2,3
Twitter/X,15,138,8,10,4,9
Snapchat,18,25,7,10,5,3
YouTube,15,83,5,9,5,2
Instagram,16,68,5,6,3,6
Discord,16,324,4,2,2,5
YouTube,22,186,8,8,1,4
Reddit,18,35,8,5,0,4
TikTok,21,172,8,8,5,8
Discord,18,322,4,4,5,2
Instagram,19,253,8,6,5,5
Discord,19,301,4,7,5,2
Reddit,18,217,4,3,0,9
Discord,20,86,7,10,1,5
Discord,13,237,8,10,3,4
BeReal,18,342,5,8,3,9
Instagram,20,121,6,5,0,2
YouTube,14,218,8,7,1,9
Twitter/X,16,169,5,2,2,8
Reddit,21,26,7,7,2,4
Reddit,20,177,7,9,1,2
Twitter/X,16,347,4,4,3,3
Instagram,13,152,7,4,5,7
TikTok,13,26,4,6,0,2
BeReal,15,217,6,9,1,9
TikTok,19,248,6,5,0,7
YouTube,18,149,4,6,3,4
YouTube,22,268,6,5,2,9
Discord,15,347,6,4,4,7
BeReal,17,234,6,4,4,6
Reddit,18,208,5,3,3,2
YouTube,15,344,8,9,5,9
Discord,14,267,5,8,1,7
Snapchat,21,297,5,2,5,4
YouTube,14,174,5,2,5,4
Twitter/X,15,35,4,3,4,2
Discord,15,358,7,4,4,9
Snapchat,18,136,6,9,3,2
BeReal,21,183,4,7,0,8
TikTok,16,75,5,3,3,3
Reddit,15,215,7,10,4,9
Discord,15,97,5,5,4,6
Discord,17,219,4,2,3,7
Discord,22,203,7,5,5,3
BeReal,13,165,8,9,5,6
TikTok,18,113,7,5,2,7
TikTok,21,126,4,4,1,3
TikTok,19,257,4,5,4,3
Twitter/X,19,70,4,1,3,4
Reddit,13,253,7,9,0,8
Discord,13,343,7,8,0,2
Twitter/X,21,162,6,8,0,4
Snapchat,20,86,8,9,1,3
TikTok,19,236,6,10,1,6
YouTube,15,176,8,10,3,6
Twitter/X,22,70,5,5,3,7
YouTube,16,145,6,5,1,3
BeReal,14,218,8,9,3,9
Twitter/X,19,302,8,7,4,4
Discord,20,223,8,5,3,4
Twitter/X,20,354,8,10,2,3
YouTube,14,180,6,9,1,8
BeReal,19,92,4,4,5,8
Instagram,19,90,8,9,5,6
Discord,20,336,5,9,1,6
Twitter/X,18,356,7,10,4,9
Twitter/X,14,68,8,9,4,5
YouTube,16,218,5,8,0,3
Discord,17,267,4,6,5,9
BeReal,14,309,6,7,2,7
Reddit,14,149,4,8,3,6
TikTok,21,159,4,3,3,6
Instagram,18,141,6,5,4,5
Snapchat,15,251,7,10,1,2
Twitter/X,20,107,4,7,2,7
YouTube,15,351,7,5,3,3
BeReal,17,308,8,8,5,6
Twitter/X,15,100,7,5,4,2
Twitter/X,18,150,7,4,0,8
BeReal,16,17,5,8,5,4
Instagram,18,224,5,5,3,6
Instagram,22,246,7,6,4,4
BeReal,14,353,5,4,3,5
TikTok,13,305,7,10,1,7
Discord,13,240,7,8,4,3
Reddit,21,92,4,5,1,4
TikTok,15,251,7,7,0,9
BeReal,17,101,7,8,1,9
BeReal,15,153,5,9,2,3
Discord,13,210,6,3,5,7
Instagram,22,341,6,6,0,8
Discord,20,39,6,7,4,9
Twitter/X,16,153,4,8,5,5
Snapchat,21,340,6,8,3,5
Snapchat,15,283,4,8,0,2
Snapchat,15,294,4,5,0,5
YouTube,17,306,7,10,2,5
YouTube,19,241,8,8,2,6
Twitter/X,17,312,4,7,3,3
YouTube,21,360,5,5,5,3
TikTok,22,223,7,10,5,6
BeReal,18,356,8,8,1,7
Reddit,19,141,8,7,4,4
Snapchat,20,19,7,10,3,9
BeReal,16,31,8,9,1,7
Instagram,20,239,4,3,1,8
TikTok,13,355,6,9,1,8
YouTube,15,24,4,6,2,8
TikTok,15,52,6,4,5,4
Snapchat,21,349,7,10,1,3
Discord,14,342,8,9,4,4
Reddit,18,68,4,6,5,2
Snapchat,13,107,5,3,2,4
TikTok,21,21,8,10,0,4
Discord,22,94,4,2,4,6
YouTube,18,319,7,7,0,2
Reddit,18,256,5,9,1,2
TikTok,19,188,8,9,2,8
YouTube,15,143,6,7,5,2
Twitter/X,16,236,4,7,2,8
TikTok,18,148,4,6,5,4
TikTok,20,256,5,8,1,4
Snapchat,16,159,7,10,0,6
Discord,19,53,7,7,1,9
Discord,16,27,7,10,5,8
BeReal,17,337,4,1,0,6
BeReal,19,212,8,10,1,7
Reddit,13,242,4,3,2,2
Discord,20,210,6,5,0,7
Reddit,15,109,6,10,0,2
YouTube,21,285,4,5,5,5
BeReal,14,45,6,8,5,4
Reddit,13,317,7,4,0,9
Twitter/X,13,250,8,10,2,4
Snapchat,14,248,8,5,3,8
BeReal,20,170,8,6,4,5
Instagram,14,219,5,8,4,6
Snapchat,19,138,5,8,0,3
YouTube,18,189,8,10,2,9
Snapchat,20,89,8,10,4,3
Discord,14,170,7,10,1,5
Instagram,15,216,7,4,4,6
Reddit,14,300,7,10,5,9
TikTok,19,157,4,2,2,8
Instagram,17,353,8,6,1,5
Reddit,16,89,5,2,5,4
BeReal,22,276,4,2,1,6
BeReal,15,36,8,10,3,5
Reddit,19,262,6,4,4,8
Twitter/X,16,242,7,10,0,5
Snapchat,20,169,8,6,2,5
YouTube,22,241,6,3,2,5
Instagram,21,335,5,5,3,2
TikTok,17,234,7,5,2,3
TikTok,21,302,8,7,3,2
YouTube,15,101,6,4,1,8
Instagram,17,114,7,8,2,7
BeReal,19,238,5,6,0,3
Snapchat,20,184,8,9,5,4
BeReal,20,203,8,9,3,4
Snapchat,20,358,4,2,4,4
Discord,19,252,6,8,3,8
YouTube,16,257,4,2,4,5
Twitter/X,14,252,4,8,0,8
Twitter/X,13,285,4,8,0,5
BeReal,19,49,5,7,1,6
Snapchat,21,67,7,8,2,5
Discord,18,190,6,5,5,9
Snapchat,17,154,7,9,1,9
Snapchat,13,60,6,5,4,4
YouTube,20,327,5,7,5,8
Reddit,18,19,7,10,0,3
TikTok,19,191,6,9,2,3
TikTok,18,29,5,7,2,7
TikTok,21,43,4,7,3,2
Twitter/X,19,262,7,6,5,3
YouTube,19,24,4,5,5,5
Instagram,13,232,5,5,3,4
YouTube,19,314,4,1,4,9
BeReal,15,48,8,6,3,5
Instagram,22,71,7,9,0,8
Instagram,13,153,7,6,0,7
YouTube,18,256,4,1,4,5
Twitter/X,21,245,4,8,0,4
Instagram,13,353,6,8,5,7
Instagram,14,293,7,4,0,7
Snapchat,22,325,6,5,1,4
Twitter/X,18,354,6,6,5,5
Discord,22,102,5,4,5,3
Snapchat,17,116,4,3,2,5
YouTube,13,126,7,5,1,4
Snapchat,20,231,8,5,2,9
Discord,17,269,5,2,4,3
TikTok,13,242,8,5,5,9
Reddit,19,261,8,9,2,5
YouTube,17,341,5,5,2,9
Discord,16,248,4,2,5,3
Instagram,16,116,7,5,1,8
YouTube,20,182,4,7,0,7
Instagram,16,139,6,4,0,8
YouTube,20,299,6,8,5,9
YouTube,19,101,6,6,0,5
Discord,15,236,4,3,3,5
Snapchat,15,220,8,7,3,4
BeReal,13,81,5,6,5,2
Instagram,22,265,6,4,0,2
Snapchat,22,136,8,9,0,8
Twitter/X,19,254,8,10,5,8
Discord,18,325,8,6,3,3
YouTube,13,128,5,4,4,6
Discord,15,100,4,4,4,6
YouTube,16,80,4,4,1,2
Instagram,13,163,5,7,3,2
YouTube,13,81,8,8,5,2
Twitter/X,21,266,5,2,1,2
BeReal,18,93,4,1,5,4
Twitter/X,18,216,8,8,0,8
Instagram,19,97,5,3,2,5
BeReal,17,169,5,9,1,2
Twitter/X,16,195,8,10,1,9
Reddit,16,22,4,8,3,5
Snapchat,18,85,7,7,4,9
Reddit,20,147,8,6,1,3
Discord,15,19,5,9,2,8
Discord,14,173,5,3,2,2
TikTok,16,316,8,10,5,6
Snapchat,22,203,5,5,5,9
TikTok,21,315,6,5,4,6
Instagram,21,336,8,10,3,5
Instagram,15,352,8,10,1,3
Snapchat,13,40,6,4,3,6
Twitter/X,14,203,6,9,2,9
Instagram,16,84,4,8,0,5
Twitter/X,13,356,8,9,1,5
Twitter/X,22,150,4,3,5,3
Reddit,22,291,4,7,4,3
YouTube,18,336,7,7,5,8
Snapchat,15,153,6,9,1,8
Twitter/X,18,225,4,6,5,9
BeReal,15,132,6,8,0,9
Snapchat,20,158,8,9,3,4
BeReal,13,195,8,9,2,8
TikTok,20,129,6,6,3,2
Reddit,21,161,6,10,5,2
Reddit,20,172,4,2,5,4
Reddit,13,93,8,10,5,2
Instagram,20,48,4,1,3,6
Instagram,15,114,5,7,5,8
Instagram,13,292,8,6,2,6
Discord,19,183,6,4,5,3
Snapchat,17,104,5,8,0,8
TikTok,16,299,5,3,3,4
Twitter/X,15,54,8,10,3,9
Snapchat,16,352,8,10,3,7
Reddit,20,225,6,7,5,8
YouTube,20,300,7,9,2,9
TikTok,14,282,8,10,5,4
Discord,21,73,8,10,0,8
YouTube,16,259,8,10,2,9
Snapchat,19,241,5,4,3,3
YouTube,19,48,6,6,3,6
Instagram,20,215,5,2,5,4
Snapchat,13,261,6,8,5,8
Snapchat,17,60,5,4,2,7
TikTok,15,137,4,5,5,3
Discord,15,56,6,5,2,6
Twitter/X,14,143,5,6,1,4
Twitter/X,13,43,8,10,5,4
Instagram,18,50,4,4,2,3
Twitter/X,22,170,8,7,5,5
Discord,22,160,5,5,2,4
BeReal,13,229,4,8,3,3
Discord,22,260,7,8,1,5
Reddit,22,69,7,4,1,4
Discord,15,108,5,6,0,9
BeReal,22,92,4,2,3,2
Instagram,18,98,6,8,4,8
Instagram,22,27,4,3,3,3
BeReal,15,34,8,9,0,4
BeReal,13,344,8,9,1,3
Twitter/X,15,74,4,8,0,9
Reddit,15,191,7,5,2,8
YouTube,19,299,8,10,2,8
Twitter/X,13,160,6,9,4,8
Instagram,19,96,8,10,1,8
BeReal,17,324,5,3,4,9
TikTok,14,118,7,7,2,6
YouTube,14,134,5,3,0,4
BeReal,13,238,6,8,2,9
YouTube,22,350,8,5,2,9
TikTok,13,137,4,4,1,9
TikTok,19,51,8,10,5,2
Snapchat,22,251,7,10,0,8
Discord,17,18,8,8,0,7
BeReal,20,232,4,5,0,8
Snapchat,19,26,4,6,2,4
Reddit,16,192,7,8,0,7
TikTok,20,172,6,7,2,3
YouTube,21,294,5,7,4,4
YouTube,18,190,5,8,1,9
YouTube,16,289,4,7,0,9
BeReal,22,322,8,5,2,5
TikTok,13,20,7,7,0,2
Twitter/X,22,338,6,3,3,8
TikTok,17,17,6,9,4,9
TikTok,19,320,4,8,1,5
Snapchat,14,44,8,7,0,2
TikTok,14,157,8,7,0,8
Twitter/X,13,308,8,9,3,5
YouTube,19,146,7,4,5,8
TikTok,13,328,7,4,1,5
Snapchat,15,122,8,7,1,5
Twitter/X,16,249,6,8,5,9
Snapchat,20,34,6,5,5,7
Instagram,14,293,8,10,1,2
Reddit,22,220,6,10,3,8
BeReal,20,294,8,10,0,5
Instagram,21,335,6,6,4,9
Snapchat,13,35,7,10,1,4
Twitter/X,19,275,8,10,2,9
Discord,21,315,5,8,3,2
Reddit,14,305,7,9,0,2
YouTube,21,54,6,3,2,5
Instagram,14,196,5,3,2,2
Instagram,18,287,5,7,5,5
Discord,21,179,8,9,1,7
Twitter/X,19,50,6,4,5,9
Discord,16,246,7,4,0,5
Snapchat,18,259,8,6,5,8
Twitter/X,16,345,6,5,2,8
YouTube,19,41,6,5,2,2
Discord,13,50,8,8,4,7
TikTok,21,163,5,4,2,6
Twitter/X,20,174,5,6,5,4
Twitter/X,22,196,4,3,1,8
Twitter/X,15,314,5,4,0,2
Reddit,15,290,7,9,1,3
Instagram,13,249,5,7,4,2
TikTok,16,108,6,10,0,6
Discord,14,147,8,7,1,6
YouTube,13,108,6,8,4,7
Twitter/X,20,121,8,8,4,9
Discord,15,342,7,4,4,7
Twitter/X,13,84,7,6,2,3
Discord,16,177,5,7,4,7
Reddit,22,77,7,6,0,9
Instagram,16,237,7,7,3,5
Reddit,16,39,4,6,5,4
BeReal,20,117,7,8,5,3
TikTok,21,169,6,10,4,2
Twitter/X,15,309,4,5,2,2
Instagram,13,100,6,8,4,9
Snapchat,18,252,5,3,1,2
Snapchat,15,30,5,9,1,7
Discord,13,202,5,5,5,6
Instagram,14,228,6,10,4,7
Instagram,19,31,8,8,1,9
TikTok,22,289,7,9,4,7
TikTok,13,81,4,5,3,7
Discord,21,68,8,8,1,4
Instagram,19,49,6,5,5,7
Instagram,14,322,4,8,3,9
Twitter/X,13,168,7,4,0,8
Snapchat,15,180,4,2,3,9
Twitter/X,22,54,7,8,4,2
Snapchat,16,303,5,8,0,6
Discord,20,24,7,4,3,8
Instagram,18,267,8,10,2,4
BeReal,16,310,8,8,0,3
Snapchat,18,318,8,7,1,3
BeReal,13,71,7,6,5,6
Discord,17,191,4,7,4,8
TikTok,16,265,4,4,2,2
Discord,22,258,8,10,1,3
Twitter/X,13,86,7,8,1,5
TikTok,22,66,7,9,2,7
Discord,21,27,7,6,0,7
Snapchat,20,329,6,9,0,9
Snapchat,18,46,8,8,1,5
Instagram,15,40,7,6,1,2
Twitter/X,16,276,6,8,1,3
YouTube,17,308,7,9,3,7
Snapchat,16,89,7,10,0,2
YouTube,21,94,4,2,4,8
Snapchat,13,178,4,3,2,7
TikTok,16,39,8,10,1,6
Snapchat,19,163,8,10,3,2
BeReal,13,126,6,8,3,4
TikTok,18,198,6,5,3,6
Snapchat,14,219,8,6,4,7
BeReal,18,305,6,4,5,2
Discord,18,150,8,5,3,7
Discord,20,284,5,4,2,2
Reddit,19,221,4,2,4,9
Instagram,13,239,6,3,0,8
TikTok,21,35,5,2,1,3
Twitter/X,18,236,7,10,2,4
TikTok,19,115,6,5,5,6
Discord,17,196,4,8,3,7
Discord,20,285,8,6,2,7
YouTube,22,289,8,10,3,7
TikTok,17,83,6,3,3,6
Snapchat,15,73,5,2,1,9
YouTube,19,21,4,2,2,7
Snapchat,16,105,5,4,4,3
Discord,15,341,4,5,0,9
YouTube,22,182,5,6,1,2
BeReal,14,276,6,9,3,2
Instagram,16,184,4,5,4,2
YouTube,16,134,4,4,4,5
Reddit,13,197,7,6,5,2
BeReal,16,60,4,6,5,8
BeReal,19,104,5,8,2,4
Reddit,16,28,4,7,0,2
YouTube,13,358,5,9,4,6
Snapchat,19,123,6,3,5,7
Discord,20,198,6,4,2,8
YouTube,15,110,8,6,5,3
Snapchat,21,336,4,2,4,3
BeReal,20,29,4,3,3,9
TikTok,20,317,6,9,3,7
BeReal,19,238,4,3,0,9
BeReal,17,147,6,4,2,8
Twitter/X,20,161,5,9,2,4
Discord,21,53,5,4,4,3
Instagram,14,107,8,10,2,6
Discord,18,244,5,7,1,8
Discord,13,243,4,5,5,3
YouTube,14,36,6,9,5,7
Snapchat,20,174,4,5,2,8
Discord,18,158,5,3,5,4
Instagram,16,285,5,8,2,3
Snapchat,22,145,7,6,4,4
Reddit,16,114,7,4,5,2
Twitter/X,14,50,5,3,5,4
Snapchat,15,240,7,5,2,6
Snapchat,18,58,4,8,5,6
Snapchat,15,137,4,6,4,5
TikTok,16,102,8,10,2,9
Instagram,16,164,4,8,0,3
Discord,21,204,6,6,3,4
BeReal,17,281,4,8,1,3
BeReal,21,175,5,9,3,6
Snapchat,21,144,7,9,0,4
Reddit,14,264,6,9,4,4
BeReal,17,97,8,5,5,2
YouTube,22,76,7,5,0,4
TikTok,14,69,4,8,0,6
Instagram,17,269,8,10,1,9
Discord,21,40,6,5,0,9
Instagram,15,38,7,7,4,9
Instagram,14,228,5,3,3,4
Twitter/X,21,48,4,8,3,3
Reddit,20,237,7,8,0,8
Reddit,13,222,6,8,4,6
Discord,17,355,5,6,2,2
Discord,22,274,8,10,2,7
YouTube,21,231,8,9,2,3
Snapchat,19,183,5,9,3,8
BeReal,16,70,6,8,1,7
Discord,14,253,8,8,1,3
TikTok,15,209,8,6,4,8
Twitter/X,13,215,5,6,2,7
Reddit,22,266,7,5,0,6
Twitter/X,19,273,8,7,3,5
Discord,15,170,5,5,2,4
BeReal,13,23,6,5,2,3
YouTube,19,108,7,6,2,8
TikTok,21,109,4,2,5,6
Instagram,21,154,8,10,2,4
Reddit,14,192,6,10,0,4
TikTok,19,79,7,9,3,5
YouTube,15,31,4,7,0,3
YouTube,19,298,8,10,1,9
Discord,21,20,5,5,1,7
Snapchat,16,178,8,9,5,7
Reddit,16,300,5,6,3,2
BeReal,17,313,4,7,5,3
Twitter/X,18,180,7,5,1,8
Instagram,17,256,6,4,5,2
Discord,15,152,5,7,4,6
Reddit,18,280,8,8,1,5
Twitter/X,20,62,7,10,4,7
YouTube,21,153,8,9,0,6
BeReal,20,90,7,10,1,2
Snapchat,20,249,4,5,0,2
Discord,19,146,4,8,4,3
BeReal,16,236,4,6,3,7
Snapchat,17,201,5,3,3,6
Snapchat,13,62,4,1,4,4
Twitter/X,17,337,8,10,1,3
TikTok,15,72,6,7,3,5
YouTube,16,302,4,8,4,6
Snapchat,20,230,8,5,0,9
BeReal,13,207,8,5,5,7
YouTube,16,254,4,2,4,5
Reddit,16,323,8,10,5,7
TikTok,17,342,5,8,2,8
Snapchat,22,210,8,5,2,6
Twitter/X,15,53,8,5,4,4
Reddit,20,78,5,7,4,6
Instagram,17,268,7,4,4,5
Instagram,20,141,6,7,3,2
Instagram,20,312,7,8,0,9
Reddit,21,194,7,8,2,4
Twitter/X,18,310,5,5,2,8
Twitter/X,17,223,8,5,0,4
Snapchat,13,355,8,10,3,6
Reddit,18,118,4,8,5,7
Twitter/X,22,229,5,9,2,4
YouTube,16,168,4,3,4,5
Discord,16,341,7,4,1,9
Twitter/X,15,215,8,10,4,7
BeReal,18,131,8,6,3,3
YouTube,22,149,7,7,1,4
BeReal,19,218,4,7,1,6
TikTok,14,249,5,4,2,3
Snapchat,18,261,6,4,2,5
Snapchat,17,236,4,7,1,3
Instagram,21,184,6,7,1,2
Reddit,13,327,8,8,4,8
Instagram,13,263,8,9,4,5
Twitter/X,13,220,4,8,3,4
YouTube,21,83,4,8,2,3
TikTok,16,168,8,10,2,9
Reddit,21,72,4,4,1,2
Snapchat,15,147,4,2,3,5
Snapchat,21,57,6,8,5,6
YouTube,14,88,6,9,3,6
Instagram,13,331,6,3,2,5
BeReal,21,66,6,4,0,7
BeReal,16,229,4,7,5,5
Discord,13,205,4,4,0,2
Twitter/X,20,110,5,7,1,4
BeReal,22,73,8,7,1,5
TikTok,19,263,4,7,1,8
TikTok,20,185,6,4,2,6
Snapchat,16,127,6,5,5,3
Twitter/X,19,40,5,5,5,4
Discord,20,171,7,10,4,4
BeReal,14,297,6,8,5,3
YouTube,20,42,5,7,5,9
BeReal,21,23,8,10,4,6
TikTok,20,277,7,10,4,5
YouTube,19,320,5,6,5,7
BeReal,15,30,5,2,1,7
Snapchat,14,46,6,4,0,6
Reddit,21,338,4,4,4,5
YouTube,14,123,8,10,1,6
Snapchat,16,180,5,6,4,5
BeReal,14,37,6,4,3,8
Snapchat,21,185,4,1,1,2
TikTok,19,155,4,5,0,5
BeReal,19,81,4,2,4,2
Reddit,22,33,6,6,4,3
TikTok,17,346,8,7,0,3
Snapchat,13,207,5,6,2,3
Twitter/X,13,50,7,10,5,6
TikTok,18,24,8,10,3,7
Reddit,21,59,4,4,2,5
TikTok,18,129,5,5,0,6
YouTube,22,83,8,7,1,5
Twitter/X,22,220,5,6,5,9
Snapchat,19,100,6,10,0,5
TikTok,19,177,5,9,5,9
YouTube,13,293,7,6,5,6
Instagram,16,217,6,3,0,4
Twitter/X,17,19,7,8,5,8
BeReal,19,202,4,8,1,9
BeReal,18,127,5,3,1,5
Reddit,18,185,7,8,2,3
Discord,22,115,4,1,0,7
Instagram,16,301,5,6,0,5
Instagram,22,99,5,5,2,5
Reddit,17,168,6,9,3,5
Instagram,22,347,4,7,3,7
Instagram,17,328,6,3,3,8
Discord,17,223,6,4,2,9
TikTok,20,354,8,7,5,5
Instagram,13,85,8,8,2,4
Discord,17,184,6,3,3,6
Snapchat,22,278,5,2,1,9
Discord,17,30,4,1,0,2
Twitter/X,19,286,8,10,3,2
YouTube,19,146,8,10,2,6
Snapchat,15,73,7,10,5,4
Reddit,22,264,8,10,4,5
Discord,21,178,8,10,1,7
BeReal,15,80,5,3,2,4
Reddit,13,199,7,8,4,3
Twitter/X,20,178,8,6,0,2
TikTok,18,172,6,10,2,3
Snapchat,17,205,7,7,3,6
Instagram,13,90,4,4,1,9
Instagram,20,282,8,10,5,3
BeReal,21,135,5,4,2,2
TikTok,18,199,7,7,1,4
Snapchat,15,139,5,8,0,3
BeReal,18,161,5,8,4,5
Snapchat,13,329,8,6,1,6
Snapchat,16,174,8,8,5,2
Reddit,14,279,6,8,3,9
Snapchat,20,276,6,10,1,2
Snapchat,16,353,8,9,4,6
BeReal,20,55,6,9,3,5
YouTube,22,39,8,7,0,5
BeReal,13,72,8,8,1,9
Discord,13,114,4,7,4,6
BeReal,17,138,6,4,4,3
Twitter/X,20,348,7,9,0,7
Instagram,15,64,8,10,2,7
Snapchat,14,309,6,4,2,3
BeReal,19,140,8,10,0,2
Twitter/X,17,19,5,2,1,4
Twitter/X,16,204,6,8,4,7
YouTube,22,244,5,2,5,7
Reddit,13,16,7,8,1,2
Snapchat,15,200,8,10,1,8
BeReal,13,243,4,1,3,2
TikTok,14,134,4,4,1,4
YouTube,15,142,6,7,1,5
BeReal,17,178,5,8,5,7
Reddit,13,85,7,10,5,6
TikTok,15,56,7,7,4,4
Discord,18,313,7,6,1,5
BeReal,15,157,8,9,1,8
Instagram,22,316,7,4,3,5
TikTok,13,194,4,6,5,2
BeReal,14,336,4,2,3,7
YouTube,18,309,8,10,5,3
Twitter/X,16,335,5,2,5,4
YouTube,18,136,6,5,5,6
Twitter/X,13,55,6,5,5,2
Instagram,19,149,8,10,0,7
BeReal,20,316,8,8,5,4
Discord,19,333,7,8,4,4
Reddit,16,285,8,10,4,2
TikTok,15,230,7,7,0,2
Twitter/X,17,243,7,8,1,6
Discord,17,87,8,7,4,3
YouTube,15,187,6,4,1,8
Reddit,22,48,7,6,3,4
BeReal,15,72,5,8,4,2
Reddit,19,24,5,4,4,8
YouTube,14,225,6,3,0,4
Discord,13,166,4,4,2,3
BeReal,19,17,8,10,0,5
BeReal,20,260,8,8,4,8
Discord,13,149,7,4,2,4
Instagram,21,231,7,8,3,8
YouTube,18,318,6,6,0,3
Snapchat,15,213,8,9,0,7
YouTube,18,143,5,3,4,9
Instagram,18,35,8,7,1,3
Reddit,15,206,8,8,1,4
Discord,13,281,6,3,5,9
Discord,22,116,8,8,2,3
Reddit,15,139,5,7,5,4
BeReal,17,172,4,3,4,3
YouTube,16,84,5,9,3,2
YouTube,22,107,4,2,3,7
Instagram,19,147,5,7,2,3
Snapchat,22,312,8,10,3,5
TikTok,21,30,6,6,0,9
Reddit,22,29,6,9,1,7
Instagram,20,257,5,3,4,7
YouTube,20,250,6,6,1,7
Discord,13,306,6,6,1,4
Discord,16,115,6,3,3,6
Discord,16,126,8,5,1,7
Discord,20,60,5,9,4,2
Reddit,19,143,6,8,5,8
BeReal,21,207,8,7,3,7
Twitter/X,14,90,7,4,5,3
TikTok,21,119,7,4,3,5
BeReal,13,350,6,8,2,7
Reddit,18,68,6,7,5,3
Discord,15,127,8,10,0,6
Twitter/X,13,326,6,4,1,4
Snapchat,18,278,4,5,5,2
TikTok,13,70,4,1,2,2
Discord,17,102,8,6,3,6
Twitter/X,21,32,8,6,0,8
YouTube,18,197,4,8,1,8
YouTube,17,154,6,8,3,7
Snapchat,17,267,7,6,5,7
Discord,18,316,7,6,1,2
Twitter/X,13,76,4,7,0,2
Snapchat,19,280,6,9,3,9
BeReal,19,77,8,7,0,4
BeReal,19,141,7,10,2,7
Twitter/X,20,333,6,6,0,5
Reddit,19,242,4,2,3,4
Twitter/X,16,186,5,4,4,5
Reddit,15,309,4,8,5,5
BeReal,18,325,5,9,5,4
BeReal,18,65,5,3,2,8
Snapchat,13,256,4,4,4,6
BeReal,20,357,8,10,2,2
BeReal,22,148,6,6,4,5
Discord,14,67,5,5,3,6
Reddit,15,346,8,10,0,8
Reddit,20,94,4,7,2,9
Discord,13,189,6,3,1,9
Twitter/X,13,78,7,4,2,7
BeReal,13,157,7,10,5,3
Snapchat,16,260,5,9,5,5
Twitter/X,20,220,8,10,3,6
Snapchat,22,226,6,6,4,2
Twitter/X,17,256,4,8,5,9
Discord,14,231,8,10,3,6
Discord,21,304,8,10,0,7
TikTok,19,22,4,1,2,6
YouTube,18,289,5,7,5,3
Instagram,13,228,7,4,5,9
Reddit,13,141,6,8,1,2
Instagram,20,340,5,6,0,7
Snapchat,20,156,5,3,1,3
YouTube,16,45,8,9,1,2
TikTok,21,43,8,10,5,7
YouTube,20,167,4,3,5,8
Instagram,13,97,7,10,2,7
Reddit,14,282,8,9,1,2
Reddit,15,165,8,10,4,4
Instagram,15,302,5,7,1,8
Twitter/X,18,91,5,2,2,5
Discord,21,46,5,2,1,7
TikTok,18,253,4,7,0,7
Discord,19,249,5,5,4,2
Discord,17,69,8,10,5,2
BeReal,14,54,5,5,5,7
TikTok,17,238,5,7,2,9
Reddit,18,289,6,8,2,9
Reddit,15,15,7,7,5,6
Reddit,20,123,7,4,5,4
TikTok,22,259,7,5,3,6
YouTube,15,230,6,4,3,4
Snapchat,18,200,4,5,2,7
Instagram,14,292,5,2,4,3
Instagram,14,43,5,8,1,2
Instagram,14,323,8,5,3,5
Discord,21,300,5,6,0,5
Instagram,19,15,7,10,0,9
Snapchat,22,263,4,4,2,7
Instagram,18,294,8,7,5,2
Snapchat,17,144,7,8,5,5
BeReal,17,107,5,7,3,9
YouTube,13,173,5,3,2,7
YouTube,21,97,5,5,1,3
YouTube,13,50,8,8,4,8
Snapchat,15,218,7,6,1,7
Reddit,14,47,8,9,1,8
TikTok,17,266,6,9,1,9
Snapchat,16,197,6,6,0,6
Discord,17,214,8,5,2,5
Twitter/X,19,117,6,10,0,8
Instagram,14,256,7,5,0,8
Reddit,18,148,4,7,2,2
Instagram,15,116,6,9,5,6
TikTok,17,32,7,10,0,6
Snapchat,14,26,6,7,1,7
TikTok,16,241,4,4,5,6
BeReal,22,308,5,4,4,3
Instagram,21,36,7,10,4,7
Twitter/X,22,336,8,6,5,4
Snapchat,14,251,7,10,0,5
YouTube,17,266,8,10,1,8
Discord,19,57,7,5,2,2
TikTok,21,225,4,6,0,5
Twitter/X,13,334,4,8,4,8
TikTok,14,145,4,8,3,9
Instagram,16,169,7,4,0,4
Reddit,16,262,6,9,2,8
Snapchat,15,354,6,3,5,9
Discord,20,237,5,3,4,5
YouTube,18,307,5,2,0,8
Discord,22,241,4,8,0,4
Twitter/X,20,182,4,2,3,3
Discord,17,27,5,6,1,9
Twitter/X,19,241,5,3,5,3
Instagram,14,253,7,10,0,4
BeReal,22,61,5,8,0,7
Discord,13,332,8,10,3,3
Instagram,16,317,5,6,4,3
Instagram,13,139,5,6,5,7
YouTube,22,111,4,8,2,4
Snapchat,14,236,6,4,0,7
BeReal,22,61,5,8,5,9
Twitter/X,16,241,8,7,4,2
Reddit,16,331,7,6,2,3
BeReal,15,328,7,5,1,3
TikTok,18,278,5,7,0,6
YouTube,17,355,5,3,5,3
Snapchat,14,294,5,4,4,3
Discord,18,174,7,4,5,7
Discord,16,122,5,3,1,7
Twitter/X,17,113,5,6,2,5
Snapchat,15,45,7,5,0,7
Instagram,21,313,8,9,5,2
TikTok,19,336,7,6,1,5
Reddit,22,140,6,4,5,2
BeReal,16,277,6,4,2,5
Discord,16,200,7,10,4,6
TikTok,18,162,4,5,3,3
BeReal,17,203,6,9,1,9
Instagram,14,281,7,5,5,7
TikTok,16,19,4,7,1,6
Instagram,22,229,4,3,5,4
Reddit,15,131,7,5,4,3
Twitter/X,20,318,7,10,3,6
Snapchat,16,254,8,10,0,9
Instagram,17,250,6,8,1,5
Instagram,16,121,6,3,0,4
YouTube,15,306,4,1,0,3
Snapchat,17,329,5,6,0,7
Snapchat,15,57,5,3,2,3
TikTok,13,297,8,5,5,7
Instagram,19,223,6,6,2,8
TikTok,17,44,4,2,2,7
Snapchat,21,215,4,7,4,4
TikTok,20,172,6,10,5,2
BeReal,17,322,6,5,1,6
Discord,22,346,8,10,3,5
TikTok,19,30,4,8,3,6
TikTok,19,181,8,10,0,3
Twitter/X,15,332,6,3,3,5
Twitter/X,17,71,7,10,4,7
YouTube,13,156,6,8,3,9
Twitter/X,22,277,4,7,1,4
Discord,16,116,6,3,4,7
TikTok,14,80,7,8,4,3
Reddit,15,230,8,10,1,2
Twitter/X,19,355,7,4,2,5
Snapchat,14,310,7,8,3,7
Reddit,16,338,8,7,2,8
Instagram,15,284,7,10,0,9
Reddit,21,62,5,3,0,4
Instagram,21,270,6,3,1,5
Reddit,18,345,4,1,5,5
TikTok,22,25,8,10,3,4
Twitter/X,21,153,5,4,0,8
Twitter/X,15,42,7,10,2,8
Instagram,15,196,7,7,3,3
TikTok,19,316,4,8,1,9
YouTube,15,350,8,10,2,9
BeReal,22,258,6,7,5,2
Twitter/X,15,107,8,10,0,4
BeReal,15,224,4,7,2,9
Reddit,21,96,8,10,3,4
Snapchat,17,68,8,10,4,8
Instagram,17,101,8,10,4,4
Twitter/X,22,283,7,10,5,4
Discord,14,325,6,7,0,7
BeReal,14,258,7,6,3,8
BeReal,15,288,8,7,2,9
Reddit,18,185,6,4,2,8
Twitter/X,22,315,8,8,0,6
YouTube,13,319,8,10,1,4
TikTok,21,310,5,3,5,7
YouTube,13,182,8,10,2,6
YouTube,16,357,8,5,3,9
TikTok,22,68,7,8,1,7
TikTok,21,352,7,10,5,7
Reddit,19,357,7,5,3,7
Snapchat,17,359,4,8,5,7
Reddit,14,141,8,8,2,9
Discord,22,201,4,1,2,6
TikTok,21,198,4,1,5,8
Instagram,16,19,7,8,1,8
YouTube,17,284,7,5,2,8
Twitter/X,21,276,7,7,2,2
Discord,21,216,8,8,4,6
TikTok,16,258,4,8,4,9
Instagram,16,352,5,2,0,6
TikTok,14,274,5,8,5,2
Reddit,13,213,8,7,5,3
BeReal,22,240,7,8,5,8
BeReal,13,190,7,8,1,2
Twitter/X,13,346,4,1,0,2
TikTok,21,349,5,8,0,8
Snapchat,13,75,4,1,3,9
Instagram,22,35,8,5,2,4
YouTube,15,224,7,7,5,6
Twitter/X,19,173,6,3,5,6
Instagram,20,318,6,5,5,7
Snapchat,15,22,5,3,1,7
Snapchat,13,256,7,8,5,5
Twitter/X,22,125,5,7,3,3
YouTube,20,35,4,6,3,9
Discord,17,58,7,10,1,3
Discord,18,303,8,9,5,6
BeReal,14,233,8,8,3,3
BeReal,18,207,8,7,5,8
TikTok,17,357,4,6,2,2
TikTok,17,186,7,4,0,6
Instagram,14,263,5,5,3,7
TikTok,14,341,5,8,5,3
YouTube,14,282,8,8,4,7
Twitter/X,20,33,4,7,0,3
Reddit,14,353,8,10,4,6
Snapchat,18,142,6,5,2,5
BeReal,13,328,6,5,0,8
Twitter/X,22,314,8,10,5,6
Discord,13,296,4,6,4,4
Snapchat,14,345,6,7,4,8
YouTube,13,273,5,9,3,4
Twitter/X,14,292,8,8,1,7
YouTube,17,315,4,1,1,8
YouTube,22,294,7,8,4,5
Twitter/X,17,147,8,10,0,9
Twitter/X,18,163,6,6,4,4
Snapchat,16,346,6,3,4,3
BeReal,13,272,8,10,3,6
YouTube,21,88,7,10,4,4
Snapchat,20,195,8,10,3,2
BeReal,22,298,4,1,2,3
YouTube,14,172,7,6,4,5
YouTube,21,207,5,6,2,9
Snapchat,16,211,5,8,1,7
Discord,22,293,4,2,5,6
Twitter/X,20,199,8,10,1,8
Instagram,18,39,7,8,2,3
TikTok,18,106,6,10,0,9
TikTok,13,349,4,1,1,2
Instagram,16,189,5,9,2,3
BeReal,15,286,7,7,1,6
Discord,21,267,8,8,3,2
Instagram,15,326,8,9,5,7
Twitter/X,21,109,8,6,2,8
TikTok,20,100,7,4,0,3
YouTube,21,300,7,6,0,9
Snapchat,21,140,7,4,3,8
Reddit,21,273,6,7,4,9
Discord,22,139,4,8,1,5
Snapchat,15,29,7,6,2,2
BeReal,15,248,6,6,2,7
Reddit,22,123,5,9,5,6
YouTube,17,85,4,6,0,4
Discord,13,313,4,6,0,5
Discord,18,44,5,9,1,7
Instagram,22,106,7,6,2,4
Reddit,14,256,6,4,2,6
TikTok,21,293,5,4,5,9
Instagram,13,88,4,4,3,3
YouTube,22,311,8,7,1,4
YouTube,22,273,7,8,5,6
Twitter/X,14,97,5,9,3,2
BeReal,21,229,7,4,3,8
Discord,17,347,5,2,3,2
BeReal,20,67,5,7,5,4
YouTube,16,60,5,7,0,3
Reddit,13,192,6,5,1,3
TikTok,15,208,5,7,3,6
Discord,19,220,7,8,3,7
Twitter/X,13,200,7,9,5,3
Discord,16,145,5,7,2,4
Twitter/X,13,289,6,4,0,7
Discord,22,150,7,9,5,2
Discord,19,204,5,6,1,7
Discord,15,92,8,5,5,5
Snapchat,19,16,5,9,5,6
Instagram,18,248,8,10,5,9
YouTube,16,191,5,2,0,9
Reddit,14,58,4,8,3,5
Instagram,15,280,7,10,5,7
YouTube,18,352,8,6,4,7
BeReal,22,69,7,6,0,6
Reddit,21,289,5,5,4,7
Twitter/X,14,357,6,4,0,5
Discord,19,231,7,7,0,2
Discord,21,354,4,2,1,9
Snapchat,20,157,7,4,0,3
TikTok,14,202,7,10,1,3
TikTok,13,275,6,8,2,9
YouTube,22,129,8,6,1,6
Instagram,14,161,7,10,3,8
Discord,21,150,7,5,2,3
Instagram,14,168,6,5,4,9
TikTok,20,354,5,2,2,5
TikTok,14,112,8,10,2,2
YouTube,14,340,4,7,5,3
BeReal,16,189,6,10,0,9
BeReal,20,95,4,7,3,6
Instagram,14,214,5,7,4,7
YouTube,17,199,6,10,4,9
Snapchat,21,30,8,8,3,4
Twitter/X,22,193,7,5,3,5
BeReal,18,23,4,5,4,3
Instagram,15,269,4,4,3,6
Reddit,18,258,7,5,5,2
Twitter/X,15,270,5,5,5,9
Twitter/X,17,115,6,7,3,9
Instagram,14,178,5,8,5,2
BeReal,17,288,7,7,2,5
BeReal,21,151,7,5,5,8
Reddit,18,307,4,5,2,6
Twitter/X,13,130,5,5,0,4
Discord,21,344,8,6,2,4
BeReal,17,80,6,4,2,8
Twitter/X,17,184,8,7,3,5
BeReal,15,26,6,4,3,5
Discord,15,151,4,6,0,6
Instagram,13,213,4,7,3,2
BeReal,19,79,6,3,4,4
YouTube,16,338,4,1,5,4
BeReal,16,133,8,10,1,4
Twitter/X,20,27,5,8,5,9
Snapchat,14,292,5,7,3,3
Twitter/X,20,266,5,3,3,7
YouTube,19,131,8,10,4,8
Instagram,16,216,4,5,1,8
Snapchat,15,314,8,8,1,8
TikTok,22,187,7,5,3,5
Instagram,13,114,4,6,3,6
Discord,14,179,8,10,4,9
Discord,21,91,8,10,2,5
YouTube,14,294,5,2,5,4
TikTok,18,266,5,4,0,5
Reddit,14,208,5,4,4,9
Discord,20,134,4,2,0,4
Instagram,17,281,4,7,0,3
YouTube,16,234,5,7,3,2
TikTok,18,293,8,10,3,3
Reddit,18,96,7,7,5,2
Snapchat,19,230,8,5,1,4
BeReal,16,303,8,10,3,8
Snapchat,22,25,8,6,1,9
Discord,14,96,8,8,5,3
BeReal,18,356,7,10,1,7
Instagram,21,104,5,2,5,6
BeReal,16,26,4,3,2,2
BeReal,17,276,8,7,2,3
YouTube,16,195,7,10,1,2
BeReal,14,345,8,5,0,6
BeReal,16,156,5,9,1,4
Instagram,21,307,6,3,4,2
TikTok,18,53,7,8,5,8
Snapchat,15,24,7,10,3,5
Reddit,17,137,8,9,0,7
Snapchat,16,198,8,7,5,2
Snapchat,22,339,4,2,3,8
Twitter/X,14,200,4,8,2,9
BeReal,15,139,6,6,5,8
Reddit,19,159,7,8,5,8
Twitter/X,13,126,5,7,0,6
Reddit,21,39,4,6,5,4
BeReal,19,193,4,7,0,5
Instagram,20,200,8,10,3,5
Reddit,16,82,5,3,4,6
Twitter/X,20,207,5,6,1,5
BeReal,14,104,5,8,1,2
Reddit,14,325,5,9,5,9
Instagram,19,76,8,10,4,2
TikTok,21,253,4,7,3,5
Discord,14,43,6,8,3,9
Snapchat,17,80,7,8,1,2
BeReal,21,166,5,9,0,9
TikTok,16,239,6,9,2,8
BeReal,14,149,5,8,2,5
Reddit,14,251,6,3,4,9
Instagram,13,94,6,4,4,4
TikTok,19,38,5,7,1,5
Discord,17,50,4,1,1,4
Instagram,14,129,8,7,0,8
Instagram,22,86,5,5,3,2
BeReal,15,229,5,5,1,5
YouTube,13,21,5,5,1,7
Snapchat,14,87,6,3,0,8
Snapchat,15,153,4,8,2,8
Instagram,13,220,6,5,2,9
Reddit,22,27,5,2,5,4
BeReal,19,314,8,5,2,7
Instagram,21,110,4,3,3,4
BeReal,21,99,8,10,1,7
YouTube,22,284,5,9,2,7
YouTube,20,151,4,2,5,4
Reddit,21,151,8,5,4,7
Reddit,17,116,5,2,3,7
YouTube,14,89,6,6,4,4
BeReal,22,40,7,9,2,7
BeReal,16,149,8,10,2,3
YouTube,15,134,7,10,0,8
Snapchat,18,108,5,2,5,3
BeReal,16,113,6,7,2,4
Instagram,17,197,5,6,1,2
Twitter/X,15,226,7,7,4,2
BeReal,19,73,5,3,5,9
Reddit,16,352,8,10,2,2
Instagram,15,85,4,3,5,8
BeReal,21,300,7,9,0,4
BeReal,13,175,7,4,5,4
BeReal,16,339,4,4,4,4
Instagram,13,19,4,4,4,2
TikTok,14,46,8,5,0,4
Snapchat,14,16,5,9,4,3
Twitter/X,14,163,4,8,4,4
Reddit,18,161,4,2,3,4
Discord,15,319,6,8,2,5
BeReal,13,307,7,5,2,6
Snapchat,15,41,6,6,1,5
BeReal,14,206,8,10,2,6
Discord,22,222,5,4,2,4
Discord,19,222,4,5,3,4
Discord,21,151,5,4,0,2
Instagram,14,164,5,3,0,3
Reddit,13,323,7,4,5,8
BeReal,13,145,5,2,1,6
TikTok,22,125,6,3,4,2
Twitter/X,17,104,5,5,2,9
Discord,14,197,4,2,1,6
Snapchat,21,342,8,6,2,3
Discord,20,138,8,5,2,5
BeReal,22,349,8,6,5,7
Twitter/X,20,91,8,10,3,6
TikTok,21,67,7,6,5,4
Reddit,14,116,7,6,2,5
Discord,14,309,4,8,5,5
Twitter/X,22,132,5,7,2,6
Instagram,18,178,6,9,1,4
TikTok,21,108,7,4,0,8
Snapchat,19,298,7,5,0,6
Discord,20,229,4,8,3,8
Snapchat,21,226,7,8,1,5
YouTube,22,344,8,10,1,7
Instagram,17,307,7,6,2,4
Twitter/X,18,300,4,4,5,3
Twitter/X,16,324,6,6,0,5
TikTok,16,197,5,3,2,7
BeReal,18,53,7,8,1,3
Snapchat,19,80,4,8,5,5
TikTok,17,201,7,6,3,7
Discord,15,180,8,10,5,8
Instagram,14,306,6,9,5,3
TikTok,19,15,8,6,0,9
Discord,18,96,6,7,5,8
TikTok,18,36,8,10,2,3
TikTok,13,339,8,5,1,2
Reddit,14,192,6,10,0,2
Twitter/X,20,290,7,4,1,9
TikTok,16,71,4,5,5,4
BeReal,14,37,4,4,3,8
Reddit,13,237,5,4,4,9
TikTok,18,314,6,8,3,2
Reddit,22,340,6,8,5,3
Twitter/X,15,151,5,9,5,7
Instagram,22,30,4,7,5,3
Twitter/X,16,335,7,8,2,5
TikTok,19,99,5,2,0,5
Instagram,13,172,6,5,0,4
YouTube,18,16,8,10,4,5
TikTok,14,163,8,10,1,8
BeReal,19,292,6,7,2,3
Snapchat,14,319,4,8,0,8
Snapchat,15,335,4,8,4,6
Snapchat,19,16,5,4,0,2
YouTube,22,26,5,3,2,6
Snapchat,18,326,6,5,4,5
TikTok,14,87,4,1,2,9
Instagram,14,110,6,7,1,5
Reddit,13,87,6,9,3,5
Snapchat,15,320,4,8,0,4
YouTube,15,41,8,10,2,6
Instagram,22,114,6,6,3,8
TikTok,17,296,4,4,0,8
Reddit,18,218,8,8,0,2
Instagram,16,275,7,9,5,7
Reddit,20,211,4,4,2,4
Snapchat,16,113,6,7,1,2
Discord,20,61,6,5,3,4
Instagram,18,56,5,7,2,3
Discord,22,71,7,5,5,3
TikTok,15,285,6,5,2,8
TikTok,22,217,5,5,1,8
Reddit,15,203,4,4,3,9
Snapchat,20,217,8,5,2,7
Twitter/X,22,20,8,9,5,5
TikTok,13,125,6,7,3,6
YouTube,13,245,6,5,0,9
Reddit,21,53,5,9,4,2
TikTok,15,90,7,9,0,2
Reddit,15,325,6,7,1,2
Twitter/X,15,26,5,2,3,7
BeReal,14,89,8,10,2,5
YouTube,17,274,4,1,0,5
Reddit,13,172,8,9,3,6
Snapchat,14,156,5,7,2,4
BeReal,14,301,8,5,2,7
BeReal,19,313,5,4,4,8
Snapchat,18,302,6,10,5,2
BeReal,15,74,7,10,4,7
Instagram,18,130,4,5,2,5
TikTok,22,254,6,3,3,5
Twitter/X,22,40,7,4,0,9
Discord,13,254,5,5,4,9
YouTube,18,73,4,1,4,5
YouTube,14,281,7,7,5,7
TikTok,17,211,8,8,3,8
Reddit,16,313,4,1,0,3
Instagram,20,134,5,3,4,7
TikTok,17,344,4,8,5,5
Discord,21,215,4,8,5,3
BeReal,20,175,6,8,0,9
Twitter/X,19,272,7,4,2,9
BeReal,22,42,4,2,5,5
Twitter/X,22,242,8,10,0,3
YouTube,22,110,4,2,3,2
Twitter/X,22,165,7,10,4,8
TikTok,17,358,7,10,5,5
Snapchat,19,320,6,4,1,5
Twitter/X,15,316,6,7,5,2
Instagram,18,163,6,6,0,6
Snapchat,14,161,5,3,5,8
Reddit,18,73,8,9,0,5
Reddit,17,38,5,3,3,9
YouTube,16,110,7,6,0,2
Instagram,16,358,8,10,4,6
BeReal,15,304,4,6,2,3
Twitter/X,15,68,8,8,3,4
YouTube,13,289,4,8,1,8
Instagram,20,235,4,3,2,4
Instagram,17,147,4,6,3,4
Instagram,20,94,7,8,4,6
Instagram,14,279,8,7,3,8
Snapchat,22,131,7,10,2,2
Reddit,18,224,4,1,1,4
Twitter/X,20,27,5,6,4,5
Twitter/X,18,123,6,4,3,8
Instagram,20,321,8,10,3,9
YouTube,19,297,8,6,4,7
Snapchat,13,315,8,9,3,5
Discord,20,242,7,8,0,7
Discord,19,115,5,6,5,6
TikTok,22,33,4,3,4,2
Snapchat,22,48,6,6,4,6
Snapchat,13,242,6,3,0,7
Twitter/X,22,249,5,2,2,8
Twitter/X,15,102,7,5,4,4
Reddit,21,24,7,9,0,2
Reddit,20,17,8,8,1,2
Reddit,22,250,5,5,4,4
BeReal,21,330,8,6,5,9
Snapchat,16,188,5,3,2,3
YouTube,19,320,8,7,4,9
TikTok,13,27,5,5,4,9
BeReal,13,152,5,3,1,6
Twitter/X,18,47,7,7,4,5
Snapchat,21,327,8,10,5,3
Instagram,18,252,6,7,5,3
TikTok,14,288,4,2,3,8
Instagram,21,306,8,6,5,3
Snapchat,21,72,6,10,0,6
YouTube,21,166,4,2,0,7
Discord,13,118,5,7,4,8
Instagram,13,250,4,6,2,5
Instagram,22,234,5,9,3,3
Reddit,22,279,7,7,0,3
BeReal,20,231,5,8,0,6
Snapchat,20,172,6,6,3,7
Reddit,22,228,8,7,3,2
Reddit,22,88,8,5,2,3
BeReal,22,337,6,6,0,5
YouTube,18,41,4,4,3,8
Reddit,13,32,5,7,2,2
YouTube,21,158,7,5,0,8
BeReal,16,53,7,7,3,9
Snapchat,16,55,4,2,5,2
Discord,18,310,7,9,5,3
YouTube,13,70,5,2,3,5
Instagram,21,54,7,7,2,3
TikTok,13,188,4,3,3,4
Twitter/X,20,248,5,8,0,7
Discord,16,213,4,3,3,5
Twitter/X,21,198,8,7,2,5
Discord,21,93,5,2,4,7
BeReal,19,101,5,8,1,5
TikTok,19,68,5,7,0,4
Discord,21,354,6,8,1,7
Reddit,21,243,4,1,3,5
Twitter/X,20,87,8,7,0,7
Discord,14,137,7,6,4,4
TikTok,15,239,4,7,2,5
TikTok,19,332,6,3,0,8
Discord,14,54,7,4,1,2
TikTok,15,89,4,3,2,6
BeReal,15,136,8,10,2,6
YouTube,19,307,8,5,5,4
Snapchat,18,38,8,6,1,7
BeReal,21,61,5,9,5,6
Snapchat,14,170,4,6,3,2
Twitter/X,15,77,4,5,3,2
Twitter/X,22,289,8,7,3,3
TikTok,13,359,6,7,5,9
Reddit,14,161,8,9,1,6
Instagram,18,46,4,4,3,3
Discord,18,247,6,7,5,7
Snapchat,16,176,6,10,1,7
Twitter/X,13,194,6,5,2,3
TikTok,13,280,7,5,2,6
Instagram,22,303,5,4,4,5
Discord,19,219,5,9,1,7
Discord,21,129,6,7,2,7
BeReal,15,235,5,6,4,7
Twitter/X,13,39,5,5,5,2
BeReal,15,319,7,10,4,4
Reddit,19,55,8,7,4,7
Instagram,17,36,7,6,0,6
YouTube,17,73,4,3,1,2
TikTok,16,41,4,2,1,4
Reddit,16,141,8,10,4,6
Reddit,19,228,8,10,3,5
Discord,21,78,6,6,4,3
Snapchat,15,56,8,5,2,5
Reddit,13,177,7,4,2,5
Reddit,17,145,6,9,4,6
Discord,15,346,4,2,0,8
BeReal,13,330,8,5,2,5
Instagram,16,102,7,5,2,3
BeReal,14,31,6,3,5,6
Discord,19,148,7,7,4,4
Snapchat,21,173,4,2,2,6
BeReal,22,38,6,10,5,5
Twitter/X,21,46,6,7,0,8
YouTube,14,276,8,7,3,7
Instagram,13,226,8,7,0,7
YouTube,22,350,4,1,2,2
Reddit,20,161,8,6,3,2
YouTube,16,31,5,5,3,7
TikTok,16,15,4,3,0,9
Instagram,22,314,6,7,4,7
BeReal,14,290,4,4,2,3
Instagram,15,320,4,7,0,8
TikTok,21,185,5,8,0,2
Reddit,20,29,7,10,4,8
BeReal,13,109,6,4,1,9
TikTok,20,261,5,4,3,7
BeReal,21,51,4,6,5,4
Discord,14,224,8,10,1,3
Twitter/X,18,79,6,9,3,8
BeReal,21,239,8,5,2,6
TikTok,14,231,7,5,0,7
YouTube,17,25,6,5,2,4
Reddit,22,333,7,10,4,9
Reddit,21,233,8,5,0,9
Snapchat,21,75,7,4,2,3
YouTube,20,317,7,8,5,2
Discord,22,261,4,4,4,5
Discord,14,16,5,3,0,3
Twitter/X,18,263,7,4,0,5
Instagram,20,274,6,3,4,4
Discord,18,208,4,5,1,4
Instagram,14,115,4,3,1,5
YouTube,18,153,4,4,2,9
TikTok,16,116,8,9,2,9
Snapchat,20,297,4,3,0,8
Twitter/X,20,133,6,4,2,6
Reddit,13,359,7,10,0,9
Reddit,19,151,7,5,1,6
YouTube,17,222,8,8,2,7
Discord,22,248,6,4,5,7
BeReal,22,282,4,1,2,5
Snapchat,19,343,8,10,5,5
Reddit,13,237,5,2,0,9
Snapchat,14,35,8,10,4,4
BeReal,21,139,5,4,4,7
Reddit,21,132,6,8,0,3
Reddit,14,43,7,9,0,7
TikTok,16,278,5,4,1,8
Snapchat,22,115,7,9,4,5
Discord,22,329,7,4,2,4
Instagram,17,294,8,7,2,4
Reddit,20,322,4,4,4,7
TikTok,18,272,7,8,0,6
BeReal,14,285,8,7,4,3
BeReal,21,18,7,10,3,3
Twitter/X,17,198,8,5,5,8
TikTok,21,240,4,1,0,5
Reddit,18,50,5,4,0,3
Reddit,16,199,7,10,4,3
YouTube,19,173,7,6,5,7
Twitter/X,19,293,6,5,0,4
Snapchat,21,323,8,10,1,7
Discord,14,148,5,2,0,6
Snapchat,19,251,5,8,1,4
Twitter/X,14,196,5,3,0,6
YouTube,13,292,4,5,2,5
TikTok,13,33,5,7,4,2
Discord,20,205,6,10,3,3
BeReal,14,127,6,8,0,6
Reddit,22,67,7,6,4,6
BeReal,14,88,7,5,4,4
BeReal,15,170,4,8,4,5
YouTube,16,123,4,7,2,7
BeReal,19,50,5,7,2,4
Snapchat,13,93,5,9,4,8
TikTok,20,248,4,1,0,4
Instagram,21,191,6,4,3,4
Discord,21,295,8,8,1,3
TikTok,22,276,8,10,4,5
Twitter/X,17,32,6,5,5,7
Reddit,17,25,7,4,5,7
Reddit,17,121,5,2,0,7
Instagram,22,50,6,10,5,4
BeReal,18,16,7,7,5,8
Snapchat,15,323,8,7,1,7
Instagram,18,140,8,10,2,5
TikTok,15,115,6,7,4,6
Snapchat,13,307,6,4,4,6
Discord,17,235,5,2,2,4
Discord,18,270,8,10,1,9
YouTube,14,139,8,7,5,3
TikTok,21,32,8,7,5,5
Instagram,20,155,5,7,5,9
Snapchat,22,38,5,4,0,8
Twitter/X,14,177,6,9,5,9
YouTube,16,239,7,5,0,9
Snapchat,20,254,8,10,5,8
Twitter/X,22,265,5,4,2,8
Instagram,18,354,7,4,2,2
Snapchat,14,63,8,7,2,2
Twitter/X,21,353,5,8,5,4
Twitter/X,14,249,4,3,2,7
Twitter/X,15,207,7,8,3,5
Discord,17,112,5,4,1,5
BeReal,15,53,5,2,1,9
YouTube,15,79,4,5,2,6
Instagram,13,21,6,8,1,6
Discord,17,216,5,4,3,4
TikTok,20,93,7,6,2,5
YouTube,17,254,7,6,5,2
Discord,21,149,6,6,3,8
Snapchat,21,92,6,8,4,6
Discord,21,98,7,9,4,8
Twitter/X,18,319,8,10,3,6
TikTok,16,27,4,8,0,2
Reddit,15,127,6,4,3,5
TikTok,21,109,6,7,3,6
Twitter/X,19,211,6,9,5,8
Instagram,15,355,4,8,3,4
Discord,18,55,5,2,4,8
TikTok,15,250,5,6,5,7
BeReal,22,351,6,7,0,6
Discord,15,238,6,7,4,7
YouTube,20,35,6,10,2,6
Discord,14,184,8,10,2,6
TikTok,18,356,4,3,1,4
Twitter/X,14,293,6,10,3,3
TikTok,19,176,6,3,5,3
Discord,22,46,8,10,3,3
Twitter/X,20,157,8,5,0,6
Reddit,22,37,8,5,5,4
Reddit,20,278,5,4,2,2
YouTube,17,82,7,8,4,9
Discord,20,179,5,4,4,3
Twitter/X,18,54,6,9,1,6
YouTube,20,86,8,10,5,4
Instagram,17,120,4,2,3,2
Discord,15,227,5,9,2,9
Snapchat,22,274,6,9,5,7
Twitter/X,20,225,4,6,0,7
BeReal,18,320,8,10,2,5
Snapchat,22,360,4,2,4,6
Instagram,18,158,8,9,3,7
Snapchat,22,56,8,8,2,2
Twitter/X,21,116,4,8,3,4
Instagram,18,143,5,8,0,4
Discord,17,79,4,2,3,5
Discord,22,212,5,9,2,5
Reddit,21,172,8,10,0,9
Instagram,14,137,6,5,1,5
Twitter/X,18,27,6,7,5,2
Twitter/X,20,71,4,7,1,2
Instagram,15,16,4,2,0,6
TikTok,15,200,8,10,5,2
Discord,22,350,7,4,1,4
Twitter/X,13,333,5,2,0,3
Twitter/X,18,98,7,5,3,4
Snapchat,20,35,5,8,0,4
Twitter/X,22,80,7,10,3,2
Discord,13,108,7,5,4,5
Instagram,14,20,4,5,4,7
Snapchat,18,148,4,1,5,5
Twitter/X,14,354,8,8,2,7
BeReal,19,160,8,9,3,9
Snapchat,19,356,8,6,0,8
TikTok,19,356,6,9,3,8
YouTube,15,237,7,7,5,3
Snapchat,22,240,8,10,3,4
Discord,18,281,6,8,0,8
Reddit,15,233,5,7,3,7
Discord,21,165,6,5,2,2
Twitter/X,17,72,7,7,1,3
Discord,15,73,6,10,1,5
Instagram,16,95,7,4,2,7
Discord,17,19,5,9,2,3
Snapchat,17,129,5,2,5,7
Snapchat,13,258,8,5,5,6
Snapchat,19,238,4,4,3,9
Reddit,16,172,8,10,1,7
Snapchat,22,176,8,5,1,3
Snapchat,13,71,5,4,5,9
Reddit,21,188,6,9,2,4
TikTok,14,258,7,4,0,4
TikTok,13,178,8,8,4,2
YouTube,13,208,6,4,3,9
Instagram,15,57,6,5,5,2
BeReal,21,111,6,3,0,2
BeReal,20,357,5,7,5,2
Snapchat,14,38,8,10,4,5
Instagram,19,15,8,9,1,4
TikTok,16,206,5,6,0,3
BeReal,15,254,6,5,4,5
YouTube,14,253,6,9,0,5
Reddit,16,74,4,6,4,8
Twitter/X,18,170,8,6,5,9
Instagram,21,298,6,8,3,8
YouTube,17,78,7,6,2,5
TikTok,19,151,4,3,5,5
BeReal,16,308,5,2,5,6
Twitter/X,20,157,4,3,4,8
Instagram,16,258,7,4,2,6
Snapchat,18,127,4,8,5,2
Snapchat,20,252,7,6,0,9
BeReal,15,291,7,6,3,7
Instagram,13,335,5,3,5,4
YouTube,18,160,8,8,3,8
Snapchat,18,131,8,10,3,3
YouTube,15,125,8,10,1,2
Snapchat,14,189,6,8,1,4
YouTube,22,336,5,3,2,3
Instagram,18,62,8,10,0,9
BeReal,15,98,8,6,0,3
BeReal,13,279,8,10,0,2
Instagram,16,285,8,6,0,5
Snapchat,13,133,7,4,4,8
Instagram,16,131,7,8,4,8
TikTok,15,220,8,5,3,4
Instagram,20,324,5,6,2,8
Reddit,22,16,8,6,0,4
YouTube,14,310,5,9,4,2
Discord,17,221,4,1,3,3
Discord,22,102,5,7,4,4
Instagram,15,263,5,2,2,9
Instagram,18,180,4,2,2,6
YouTube,13,65,4,2,5,8
BeReal,13,191,4,3,5,3
Instagram,20,175,5,7,1,7
Discord,15,141,7,9,5,5
BeReal,18,205,8,9,4,3
Snapchat,21,106,7,8,1,6
TikTok,17,279,6,9,0,6
Reddit,18,350,8,10,2,9
YouTube,22,297,8,8,5,2
TikTok,19,75,5,9,4,4
Discord,15,208,5,3,0,7
Instagram,20,76,7,6,1,4
TikTok,20,72,4,5,3,9
Twitter/X,16,31,4,6,3,2
Twitter/X,18,244,4,2,2,5
Instagram,15,241,7,10,5,3
Snapchat,17,155,4,5,1,5
Snapchat,17,101,4,1,4,7
Discord,14,34,8,9,1,9
Reddit,20,215,6,5,3,5
YouTube,16,77,5,4,2,8
Snapchat,14,103,7,8,0,6
Instagram,18,203,4,7,5,4
BeReal,20,92,8,6,3,3
Reddit,22,127,6,9,0,9
Discord,19,144,8,10,5,4
Instagram,20,352,8,10,5,4
Instagram,20,188,7,4,2,8
Discord,21,118,7,5,2,5
Instagram,16,264,7,7,5,3
BeReal,17,273,4,7,3,6
YouTube,14,89,4,3,3,4
Twitter/X,22,229,7,7,2,9
Twitter/X,16,345,4,8,4,6
TikTok,19,349,6,10,5,7
Reddit,13,325,4,6,3,7
Discord,14,206,7,10,0,6
Snapchat,21,108,5,6,1,4
Instagram,22,239,8,10,1,4
YouTube,18,132,6,5,1,3
YouTube,15,300,7,10,5,9
YouTube,15,182,8,10,0,5
Discord,20,197,8,10,4,5
Discord,17,137,5,2,0,6
Instagram,22,159,6,4,3,9
Instagram,14,265,4,6,2,6
Twitter/X,13,205,5,8,1,5
Reddit,13,241,7,6,3,5
BeReal,17,24,7,9,4,8
Discord,19,201,5,3,2,9
Snapchat,17,290,8,10,3,8
Twitter/X,17,231,6,6,4,9
YouTube,13,240,4,1,2,8
Reddit,19,45,6,5,1,8
TikTok,15,168,7,5,1,2
Twitter/X,15,16,7,8,5,2
TikTok,22,346,4,8,5,2
Reddit,19,303,5,7,2,3
Instagram,15,59,4,5,5,2
TikTok,18,175,8,6,3,9
YouTube,21,125,5,9,0,6
YouTube,18,223,5,4,3,9
Instagram,16,222,4,4,1,9
Twitter/X,15,177,7,10,4,9
Twitter/X,15,222,6,6,3,9
BeReal,18,85,6,7,1,3
BeReal,14,324,4,7,4,6
Twitter/X,22,300,5,8,1,6
Discord,18,329,4,6,5,5
BeReal,18,344,6,3,2,7
TikTok,14,145,4,1,0,2
BeReal,15,207,8,5,2,6
BeReal,14,117,7,7,4,4
Reddit,19,232,8,10,5,3
YouTube,20,17,5,6,3,5
TikTok,15,335,6,7,4,9
Instagram,20,194,4,5,4,9
Reddit,20,173,4,1,1,8
BeReal,17,63,7,4,3,5
TikTok,22,282,6,3,2,9
Snapchat,18,200,7,10,0,4
Snapchat,17,40,8,7,4,9
Snapchat,20,341,6,3,3,6
BeReal,13,287,8,10,0,6
Discord,22,56,7,4,3,5
Instagram,15,260,6,10,4,6
YouTube,15,20,6,3,0,2
Discord,16,214,6,9,5,2
BeReal,18,157,6,7,5,4
Snapchat,16,123,7,4,3,6
YouTube,17,242,5,8,4,5
Snapchat,14,183,5,7,4,8
TikTok,20,335,4,6,2,3
Snapchat,19,151,8,5,5,6
TikTok,15,204,6,10,1,6
Reddit,16,124,4,4,2,7
Discord,13,315,6,6,0,6
YouTube,19,225,7,8,3,2
Twitter/X,17,257,4,7,0,5
Instagram,19,320,6,10,5,2
BeReal,14,129,4,1,1,9
Twitter/X,15,267,5,6,2,2
Reddit,22,187,5,7,5,3
BeReal,14,253,4,2,4,4
Snapchat,14,141,4,8,1,5
Reddit,14,119,5,2,0,2
TikTok,22,186,8,9,0,9
Discord,22,196,4,4,1,6
Reddit,20,29,6,10,3,5
Reddit,17,72,6,3,1,4
Reddit,22,193,7,6,5,2
Discord,21,160,7,5,5,2
Snapchat,21,276,5,5,4,6
YouTube,20,255,5,3,0,5
TikTok,21,190,4,8,2,5
Instagram,22,343,7,6,5,2
Discord,21,222,8,6,4,4
Instagram,17,51,5,4,2,2
Reddit,22,299,5,4,0,6
Discord,18,353,7,10,1,3
Discord,19,299,7,4,2,3
TikTok,18,76,7,10,4,7
Twitter/X,16,327,5,3,4,3
TikTok,15,162,7,8,5,2
BeReal,21,290,8,5,3,2
BeReal,20,135,4,4,4,4
Snapchat,15,284,5,3,5,2
Snapchat,14,194,5,5,2,6
TikTok,20,70,8,8,1,4
Twitter/X,20,61,7,10,4,3
Twitter/X,13,219,6,4,4,9
BeReal,16,81,4,4,3,2
BeReal,14,163,8,10,0,5
BeReal,21,150,6,8,3,8
BeReal,19,124,4,5,0,5
TikTok,22,103,8,8,1,4
YouTube,22,168,7,4,0,2
Twitter/X,13,234,7,5,2,8
Reddit,16,211,8,10,3,2
TikTok,13,311,8,10,1,6
Snapchat,22,39,6,8,0,7
BeReal,16,80,7,10,1,2
Twitter/X,19,92,6,10,1,4
YouTube,20,27,8,6,2,6
Snapchat,21,279,6,8,4,5
TikTok,19,18,6,9,5,2
TikTok,16,119,4,8,3,4
Reddit,15,319,5,9,2,2
Discord,18,134,5,4,2,7
Instagram,15,182,7,10,4,7
YouTube,22,259,5,7,0,2
Reddit,19,167,4,8,1,7
Twitter/X,14,288,8,10,5,7
YouTube,22,158,6,6,2,7
Snapchat,16,283,6,5,0,6
Reddit,14,54,4,1,5,7
Twitter/X,22,251,8,9,1,4
YouTube,17,68,5,4,2,4
Reddit,15,275,8,8,3,7
TikTok,22,193,7,9,5,6
Twitter/X,19,18,5,7,3,8
TikTok,22,267,5,8,2,3
BeReal,19,351,6,10,0,9
BeReal,22,150,8,6,1,2
Instagram,16,81,6,9,3,5
BeReal,13,105,4,7,4,9
Instagram,22,48,5,8,3,9
TikTok,20,126,8,7,1,5
BeReal,22,266,4,4,0,4
BeReal,14,355,6,4,1,5
Snapchat,19,314,4,2,4,9
YouTube,19,140,7,10,1,9
Discord,15,39,8,10,0,2
Snapchat,14,333,4,3,5,6
TikTok,19,344,6,7,5,9
Reddit,21,290,5,6,4,5
Snapchat,16,339,4,8,5,6
Discord,21,255,6,4,2,4
Instagram,16,64,6,10,2,6
Instagram,19,58,7,8,3,5
YouTube,19,232,8,9,3,3
YouTube,17,158,8,10,3,6
BeReal,15,196,6,6,5,8
Twitter/X,18,175,7,4,2,4
YouTube,16,280,8,7,2,3
Reddit,22,77,5,2,3,5
TikTok,15,319,5,7,0,5
Discord,14,113,6,3,3,2
Reddit,20,59,6,4,2,4
Twitter/X,21,211,5,3,3,2
Instagram,21,255,8,6,1,4
TikTok,14,71,4,3,5,9
Discord,13,203,8,7,3,5
Discord,18,323,8,10,2,4
Instagram,21,197,8,7,2,7
Twitter/X,13,111,4,7,1,2
BeReal,16,121,6,8,3,7
TikTok,15,105,6,6,3,8
Discord,21,88,8,7,5,6
TikTok,13,154,5,2,5,9
TikTok,13,59,6,9,1,5
TikTok,21,36,7,9,5,9
Reddit,17,162,8,8,5,4
Snapchat,22,115,5,2,5,9
Discord,15,112,5,5,0,2
Discord,22,302,8,5,3,6
Discord,13,223,5,9,1,3
YouTube,19,235,4,6,4,4
Snapchat,15,153,8,10,1,4
Twitter/X,19,322,7,5,3,3
BeReal,18,203,6,4,1,5
Instagram,21,70,6,4,0,5
Instagram,13,56,4,6,4,3
TikTok,17,145,5,6,5,4
Discord,22,354,6,4,2,8
TikTok,16,199,6,9,3,5
Instagram,20,114,8,10,2,8
Twitter/X,19,76,8,6,0,4
Discord,22,17,6,3,0,4
BeReal,15,171,4,8,2,2
Snapchat,21,299,7,7,1,3
BeReal,17,193,6,8,3,4
BeReal,18,240,7,10,5,9
YouTube,15,51,8,10,3,5
YouTube,20,90,7,9,3,5
BeReal,15,42,4,5,2,3
Reddit,18,197,8,6,2,3
BeReal,21,89,7,7,1,7
Instagram,15,73,6,5,0,9
Snapchat,14,330,8,7,1,9
Snapchat,15,146,5,4,1,6
Discord,15,333,4,8,0,4
Snapchat,16,30,5,7,1,2
Instagram,20,93,5,4,2,6
Discord,17,157,4,6,0,5
BeReal,17,338,8,10,0,7
Twitter/X,17,285,4,1,2,9
Snapchat,18,93,8,9,2,5
Instagram,22,306,8,7,1,5
Snapchat,14,193,5,4,4,4
YouTube,16,92,4,2,4,8
TikTok,19,102,7,8,2,8
Instagram,22,278,4,8,4,9
Snapchat,14,47,5,6,3,2
Discord,13,108,5,9,2,5
Instagram,13,132,8,7,4,7
Twitter/X,16,210,5,3,2,9
YouTube,20,37,5,7,3,9
Snapchat,19,16,5,5,1,8
Instagram,19,114,6,3,3,9
Instagram,15,127,4,8,2,2
TikTok,13,179,5,7,1,3
Reddit,15,80,8,10,2,4
Snapchat,14,71,8,10,2,6
BeReal,14,114,5,6,0,3
Snapchat,22,65,7,10,0,8
Snapchat,18,124,7,5,1,3
Discord,21,246,8,10,3,9
BeReal,14,53,4,1,5,5
YouTube,15,20,7,10,1,7
BeReal,16,59,7,9,3,4
Twitter/X,22,353,4,7,4,3
Twitter/X,21,350,5,2,4,3
Instagram,13,135,7,10,3,7
Instagram,21,107,7,7,1,9
BeReal,22,327,7,7,0,7
YouTube,19,181,7,8,5,7
Reddit,21,188,8,10,5,5
Snapchat,18,258,6,7,1,5
BeReal,15,112,6,4,2,4
YouTube,22,329,4,2,4,8
Reddit,15,72,4,4,3,7
Reddit,17,271,8,10,5,4
Instagram,19,269,8,10,5,4
YouTube,21,159,5,3,4,4
Reddit,22,346,6,7,4,2
Instagram,14,29,5,2,0,4
TikTok,22,84,6,7,3,5
YouTube,13,101,8,10,1,7
Snapchat,20,171,4,4,1,4
TikTok,16,92,8,8,4,2
Reddit,21,148,4,1,2,3
Twitter/X,19,119,8,8,2,3
YouTube,13,134,8,9,4,4
Instagram,14,112,5,2,1,6
Snapchat,15,292,8,10,5,3
Snapchat,17,129,5,7,3,7
Instagram,22,161,8,9,3,6
Twitter/X,18,230,8,5,1,5
Reddit,18,158,6,6,0,7
BeReal,17,140,6,10,4,9
Twitter/X,19,165,5,4,3,5
YouTube,15,313,8,10,0,6
YouTube,15,45,7,5,0,4
TikTok,20,19,6,6,3,8
Twitter/X,13,300,6,6,1,9
Snapchat,17,69,7,8,4,2
BeReal,21,98,7,10,4,3
BeReal,14,351,7,8,1,2
BeReal,17,130,7,9,5,3
BeReal,20,266,8,9,1,7
TikTok,13,301,4,7,2,9
BeReal,14,49,8,10,3,6
BeReal,20,189,5,3,3,4
BeReal,22,260,4,7,5,8
Twitter/X,18,58,6,7,0,5
Snapchat,21,332,5,8,1,6
BeReal,18,138,7,10,3,2
Snapchat,21,333,6,9,0,6
Twitter/X,18,154,6,4,0,9
Twitter/X,18,312,6,6,4,4
TikTok,18,240,4,6,5,8
Discord,19,85,8,10,3,9
Snapchat,16,16,8,10,2,6
Discord,16,225,6,7,4,5
BeReal,17,262,8,5,5,9
Reddit,21,295,5,6,4,3
Reddit,22,263,4,6,3,8
Snapchat,21,317,6,3,3,5
YouTube,18,60,8,10,1,8
Discord,20,265,8,5,4,5
Reddit,20,210,7,5,3,9
Snapchat,13,337,4,3,1,3
YouTube,22,38,5,2,0,3
Discord,18,31,4,7,1,6
Discord,17,15,4,1,1,9
Snapchat,15,170,7,6,2,4
Discord,16,42,6,9,4,8
Instagram,18,345,8,5,4,4
